CASSSSGGGIKETQYF	TCRBV09-01	0.6457273238732262
CASSPSGGRGETQYF	TCRBV09-01	0.028974182659248608
CASSVSPKLMNTEAFF	TCRBV09-01	0.023748202788022754
CASSPSGDPYEQYF	TCRBV06-01	0.007401387760205038
CASSVGGSSYNEQFF	TCRBV09-01	0.007276364318309683
CASSSGQGALKTQYF	TCRBV06-06	0.005438519722447959
CASSWDRTLYYGYTF	TCRBV05-06	0.004344564605863599
CASSTDFYSNQPQHF	TCRBV07-02	0.004188285303494405
CASSQSGGGTHQPQHF	TCRBV04-02	0.0036006751265862348
CASSYRAGANVLTF	TCRBV05-05	0.0034506469963118086
CASSGKYGNEQYF	TCRBV09-01	0.0031943489404263298
CASSVGWGRSDTQYF	TCRBV09-01	0.003188097768331562
CASSLLGGESTEAFF	TCRBV11-02	0.0022629242983059324
CASSERPSGTYEQYF	TCRBV02-01	0.0019191098330937051
CASSVGTGSTDTQYF	TCRBV09-01	0.001837844595861724
CASSRTGTGPRETQYF	TCRBV28-01	0.0013189973119959993
CASSVGGTVSTDTQYF	TCRBV09-01	0.0010689504282052884
CASSVSGEGPPLHF	TCRBV09-01	0.0010126898793523787
CASSGGSISQFF	TCRBV09-01	9.939363630680753E-4
CASSSSGGGIKETQYF	TCRBV09-01	9.439269863099331E-4
CASSLWQNPSGNTIYF	TCRBV28-01	9.376758142151654E-4
CASSVSGVDEQFF	TCRBV09-01	9.314246421203976E-4
CASSVSGSTYNEQFF	TCRBV09-01	9.18922297930862E-4
CASSFGSSYEQYF	TCRBV05-06	9.126711258360942E-4
CASSAAGGWSPLHF	TCRBV05-06	8.564105769831844E-4
CASSKGRRSVEPQHF	TCRBV21-01	8.501594048884166E-4
CASSVDYRGKTQYF	TCRBV09-01	8.126523723198099E-4
CASSVGGNTGELFF	TCRBV09-01	8.001500281302744E-4
CASTLLPVDSRQPQHF	TCRBV06-06	7.751453397512034E-4
CASSLDLGSREAFF	TCRBV11-03	7.188847908982934E-4
CASSLRPGGQKTQYF	TCRBV28-01	7.063824467087578E-4
CASSLRTGEAFF	TCRBV09-01	6.938801025192224E-4
CASSQTPLAGGRTDTQYF	TCRBV09-01	6.938801025192224E-4
CASSVEDSTNWPQHF	TCRBV09-01	6.938801025192224E-4
CASSYRGAYEQYF	TCRBV05-04	6.626242420453835E-4
CASSASGSSYNEQFF	TCRBV09-01	6.563730699506157E-4
CASSPPGWEAFF	TCRBV07-09	6.563730699506157E-4
CASSVGRIANTDTQYF	TCRBV09-01	6.563730699506157E-4
CASSTRDSNQPQHF	TCRBV19-01	6.376195536663124E-4
CASSVGWTSGRETQYF	TCRBV09-01	6.313683815715446E-4
CASSPLRGGYTF	TCRBV05-06	5.813590048134025E-4
CAEGTGYGYTF	TCRBV02-01	5.751078327186348E-4
CATSRTPGYEKLFF	TCRBV15-01	5.68856660623867E-4
CASSMSGSSYNEQFF	TCRBV09-01	5.626054885290992E-4
CASSVSGGSTDTQYF	TCRBV09-01	5.188472838657248E-4
CASRDRARYEQYF	TCRBV25-01	5.12596111770957E-4
CAIGTGDSNQPQHF	TCRBV10-03	5.000937675814216E-4
CASSGRDSSYEQYF	TCRBV09-01	4.87591423391886E-4
CASSVGGRDEQFF	TCRBV09-01	4.87591423391886E-4
CASSPRRGEQYF	TCRBV11-02	4.8134025129711823E-4
CASSEFSGASSGNTIYF	TCRBV02-01	4.8134025129711823E-4
CASRLAANTGELFF	TCRBV09-01	4.8134025129711823E-4
CASSLSRPDTQYF	TCRBV27-01	4.7508907920235045E-4
CASSVTTNTEAFF	TCRBV09-01	4.7508907920235045E-4
CASSVDAGGQADTQYF	TCRBV09-01	4.688379071075827E-4
CATGTGDSNQPQHF	TCRBV10-03	4.688379071075827E-4
CASSFGDSYEQYF	TCRBV05-01	4.625867350128149E-4
CASSRTSGSSYNEQFF	TCRBV07-03	4.625867350128149E-4
CASSEEGTESSYEQYF	TCRBV02-01	4.563355629180471E-4
CASSVTENYGYTF	TCRBV09-01	4.563355629180471E-4
CASSEGGGQGRNEQYF	TCRBV02-01	4.5008439082327935E-4
CASSPPGLADAYEQYF	TCRBV28-01	4.3758204663374385E-4
CSGVGFSGELFF	TCRBV29-01	4.3758204663374385E-4
CASGWSGRNEQFF	TCRBV09-01	4.313308745389761E-4
CASSSDSSYNSPLHF	TCRBV09-01	4.313308745389761E-4
CASTLGGPGSYNEQFF	TCRBV27-01	4.313308745389761E-4
CASSSPGTAEQYF	TCRBV07-09	4.313308745389761E-4
CASSVARSTEAFF	TCRBV09-01	4.313308745389761E-4
CATSIRAGAGEQYF	TCRBV15-01	4.250797024442083E-4
CASSVPGGEGNTGELFF	TCRBV09-01	4.250797024442083E-4
CASSQDRQGGTEAFF	TCRBV04-01	4.188285303494405E-4
CASSDTGFSSNQPQHF	TCRBV06-01	4.1257735825467274E-4
CASSIRTQGELFF	TCRBV09-01	4.1257735825467274E-4
CAITTGGTYEQYF	TCRBV10-03	4.0632618615990497E-4
CASSPVDRGPNYGYTF	TCRBV05-01	4.0632618615990497E-4
CASTETGSNTGELFF	TCRBV09-01	4.0632618615990497E-4
CATSRGTVSYEQYF	TCRBV15-01	4.000750140651372E-4
CAASGGPPAKNIQYF	TCRBV11-02	4.000750140651372E-4
CASSPLAGLSDTQYF	TCRBV09-01	4.000750140651372E-4
CASSAPFDSGNTIYF	TCRBV09-01	4.000750140651372E-4
CASSVDPGVGNQPQHF	TCRBV09-01	3.9382384197036947E-4
CASSYSQGNTEAFF	TCRBV06-06	3.9382384197036947E-4
CASSVGATSYEQYF	TCRBV09-01	3.9382384197036947E-4
CSVEGGSPSSYEQYF	TCRBV29-01	3.9382384197036947E-4
CASSATVMQDTQYF	TCRBV21-01	3.875726698756017E-4
CASSVAGFSEKLFF	TCRBV09-01	3.875726698756017E-4
CASSLINPTDTQYF	TCRBV09-01	3.875726698756017E-4
CASSMGRDEAFF	TCRBV09-01	3.813214977808339E-4
CASSVFFRASGNTIYF	TCRBV09-01	3.813214977808339E-4
CASSPPHGSEAFF	TCRBV09-01	3.7507032568606614E-4
CASSVTGGTAGELFF	TCRBV09-01	3.7507032568606614E-4
CASARPRQGHTGELFF	TCRBV09-01	3.7507032568606614E-4
CASTGTSLNEQFF	TCRBV06-01	3.6881915359129836E-4
CASSVGGGVGNQPQHF	TCRBV09-01	3.6881915359129836E-4
CASGSGAGDTQYF	TCRBV09-01	3.6881915359129836E-4
CASSVRPQEGASYNEQFF	TCRBV09-01	3.625679814965306E-4
CAITNSQGMEGYTF	TCRBV10-03	3.625679814965306E-4
CASSPGQGTEAFF	TCRBV09-01	3.625679814965306E-4
CASSVDRDRGATNEKLFF	TCRBV09-01	3.563168094017628E-4
CASSVGVTENEKLFF	TCRBV09-01	3.5006563730699504E-4
CASSPGGGSSYNEQFF	TCRBV09-01	3.5006563730699504E-4
CASSSDRGISTEAFF	TCRBV09-01	3.5006563730699504E-4
CASSVASAGELFF	TCRBV09-01	3.5006563730699504E-4
CASSGGLAGAPHEQFF	TCRBV07-09	3.438144652122273E-4
CASRIALLQQSRANVLTF	TCRBV21-01	3.438144652122273E-4
CASSPKVAGGQGEQFF	TCRBV09-01	3.3756329311745954E-4
CASSALRGGNTEAFF	TCRBV09-01	3.3756329311745954E-4
CASGGGSPGYEQYF	TCRBV09-01	3.3756329311745954E-4
CASSLANEQFF	TCRBV09-01	3.3756329311745954E-4
CASSLTGTISGNTIYF	TCRBV09-01	3.3756329311745954E-4
CASSVEAGWGEKLFF	TCRBV09-01	3.3756329311745954E-4
CASSLGGEAYEQYF	TCRBV09-01	3.3756329311745954E-4
CASSGQGSESTEAFF	TCRBV09-01	3.3131212102269176E-4
CASSVGSGGSVEQYF	TCRBV09-01	3.3131212102269176E-4
CASSVETGRTYEQYF	TCRBV09-01	3.3131212102269176E-4
CASSVDGGQNTEAFF	TCRBV09-01	3.25060948927924E-4
CASSVAYRSREAFF	TCRBV09-01	3.25060948927924E-4
CASRIIDVSNPVAFF	TCRBV28-01	3.25060948927924E-4
CASSQEPRDRNSPLHF	TCRBV04-01	3.25060948927924E-4
CASSPEGQENYGYTF	TCRBV07-09	3.25060948927924E-4
CASSPGGGPEAFF	TCRBV09-01	3.25060948927924E-4
CASRGQNTEAFF	TCRBV21-01	3.25060948927924E-4
CASSETTMGTEAFF	TCRBV09-01	3.188097768331562E-4
CTSRSGSRANVLTF	TCRBV01-01	3.188097768331562E-4
CASSQVITGQGYTF	TCRBV14-01	3.188097768331562E-4
CASSQWQEQYF	TCRBV23-01	3.188097768331562E-4
CASSASFGAAVYEQYF	TCRBV09-01	3.188097768331562E-4
CASSVGGRVSSYEQYF	TCRBV09-01	3.188097768331562E-4
CASSVKGQDHYEQYF	TCRBV06-01	3.188097768331562E-4
CASSVGGGLAKNEQFF	TCRBV09-01	3.188097768331562E-4
CASTKGYSNQPQHF	TCRBV28-01	3.1255860473838843E-4
CASSDSHTDTQYF	TCRBV09-01	3.1255860473838843E-4
CASSLSEGTRHEQYF	TCRBV04-01	3.1255860473838843E-4
CASGGSGRRSYNEQFF	TCRBV09-01	3.1255860473838843E-4
CSALHPERSYNEQFF	TCRBV29-01	3.1255860473838843E-4
CASSYSGRARQPQHF	TCRBV06-07	3.1255860473838843E-4
CASSVWGGGNTIYF	TCRBV09-01	3.1255860473838843E-4
CASTKGVTSGNTIYF	TCRBV09-01	3.0630743264362066E-4
CASSVGGSGSYEQYF	TCRBV09-01	3.0630743264362066E-4
CASSVGARGNEKLFF	TCRBV09-01	3.0630743264362066E-4
CASSGYGYTF	TCRBV09-01	3.0630743264362066E-4
CASSEAQTYEQYF	TCRBV09-01	3.0630743264362066E-4
CASQGPSYEQYF	TCRBV09-01	3.0005626054885293E-4
CASSVGQENSPLHF	TCRBV09-01	3.0005626054885293E-4
CASSPGGYLNTIYF	TCRBV09-01	3.0005626054885293E-4
CASGSHDSNQPQHF	TCRBV09-01	3.0005626054885293E-4
CASTFGASNYGYTF	TCRBV09-01	3.0005626054885293E-4
CASSFRDGTDTQYF	TCRBV07-03	3.0005626054885293E-4
CASSGPNRDEYEQYF	TCRBV09-01	3.0005626054885293E-4
CASSLGNMGSSYEQYF	TCRBV07-09	2.9380508845408516E-4
CASSGRLDGVGETQYF	TCRBV06-01	2.9380508845408516E-4
CASSDSTLTEAFF	TCRBV06-04	2.9380508845408516E-4
CASSRGLAGQETQYF	TCRBV06-05	2.9380508845408516E-4
CASSVDRGRYGYTF	TCRBV09-01	2.9380508845408516E-4
CASGTAYEQYF	TCRBV02-01	2.9380508845408516E-4
CASSVAGGGNTIYF	TCRBV09-01	2.9380508845408516E-4
CASSVANKAGDTYGYTF	TCRBV09-01	2.875539163593174E-4
CASSAADRGNTEAFF	TCRBV09-01	2.875539163593174E-4
CASSSSLRGSRDAYHGYTF	TCRBV09-01	2.875539163593174E-4
CASSLNRDSGNTIYF	TCRBV05-05	2.875539163593174E-4
CASSVGGTYEQYF	TCRBV09-01	2.875539163593174E-4
CASIGPNEQFF	TCRBV19-01	2.875539163593174E-4
CASSAYSGITNEKLFF	TCRBV09-01	2.875539163593174E-4
CASTSSGSSYNEQFF	TCRBV09-01	2.875539163593174E-4
CASSVGDTNQPQHF	TCRBV09-01	2.813027442645496E-4
CASSVGSDTGELFF	TCRBV09-01	2.813027442645496E-4
CASSVESSTDTQYF	TCRBV09-01	2.813027442645496E-4
CASSVRTGELFF	TCRBV09-01	2.813027442645496E-4
CASSEGTANQPQHF	TCRBV09-01	2.813027442645496E-4
CASSVGGRPYEQYF	TCRBV09-01	2.813027442645496E-4
CASSVAVDTQYF	TCRBV09-01	2.7505157216978183E-4
CASSAGTGPSETDTQYF	TCRBV09-01	2.7505157216978183E-4
CASSLVNSEQYF	TCRBV11-02	2.7505157216978183E-4
CASSVGKGSNQPQHF	TCRBV09-01	2.7505157216978183E-4
CASSLRTGDEAFF	TCRBV09-01	2.7505157216978183E-4
CASSVEAGGRDEQFF	TCRBV09-01	2.7505157216978183E-4
CASSLNRGPSYEQYF	TCRBV07-02	2.7505157216978183E-4
CATSRGTVSYEQYF	TCRBV15-01	2.7505157216978183E-4
CASSVGLGSDYEQYF	TCRBV09-01	2.7505157216978183E-4
CASSVSGRPQETQYF	TCRBV09-01	2.6880040007501405E-4
CASSVGRQNYEQYF	TCRBV09-01	2.6880040007501405E-4
CASSGRQGTLFF	TCRBV09-01	2.6880040007501405E-4
CASTARENTEAFF	TCRBV27-01	2.6880040007501405E-4
CASSVGYPGTGSPYGYTF	TCRBV09-01	2.625492279802463E-4
CASGPRALKNTEAFF	TCRBV09-01	2.625492279802463E-4
CASSVALAINEQFF	TCRBV09-01	2.625492279802463E-4
CASSLGHGYDTQYF	TCRBV05-06	2.625492279802463E-4
CASSSLGSGTEAFF	TCRBV06-06	2.625492279802463E-4
CASSRHPNEKLFF	TCRBV11-02	2.625492279802463E-4
CASSVEGQANYEQYF	TCRBV09-01	2.625492279802463E-4
CASSLSGSGAGELFF	TCRBV28-01	2.625492279802463E-4
CASSASGGPNEKLFF	TCRBV28-01	2.625492279802463E-4
CASSWGGDEQYF	TCRBV05-01	2.625492279802463E-4
CASGGPSSYEQYF	TCRBV09-01	2.562980558854785E-4
CASSGQRGGQYF	TCRBV09-01	2.562980558854785E-4
CASSPGTRLHEQYF	TCRBV09-01	2.562980558854785E-4
CASSETADTQYF	TCRBV09-01	2.562980558854785E-4
CASSLSVYTGELFF	TCRBV05-05	2.562980558854785E-4
CASSPTGATNYGYTF	TCRBV09-01	2.562980558854785E-4
CASSVIGVDGGRDSPLHF	TCRBV09-01	2.562980558854785E-4
CASSGTGTSEQYF	TCRBV09-01	2.562980558854785E-4
CASSVTENYGYTF	TCRBV09-01	2.562980558854785E-4
CASSNLYRAMVF	TCRBV09-01	2.562980558854785E-4
CASSRDSGNTIYF	TCRBV09-01	2.562980558854785E-4
CASSTSDLGLAKNIQYF	TCRBV09-01	2.500468837907108E-4
CASSEETGRSYEQYF	TCRBV09-01	2.500468837907108E-4
CASSVGGRGLTEAFF	TCRBV09-01	2.500468837907108E-4
CASSVEGSDNNEQFF	TCRBV09-01	2.500468837907108E-4
CASSPEGGSQDNEQFF	TCRBV04-01	2.43795711695943E-4
CASSATGNGYTF	TCRBV09-01	2.43795711695943E-4
CASSGEGTGELFF	TCRBV06-04	2.43795711695943E-4
CASSGGQEMNQPQHF	TCRBV09-01	2.43795711695943E-4
CASSPSGVASYEQYF	TCRBV09-01	2.43795711695943E-4
CASTHSTQRTGGDGYTF	TCRBV09-01	2.43795711695943E-4
CASSPPGTQAFF	TCRBV09-01	2.43795711695943E-4
CASSPQTSLAGYEQYF	TCRBV09-01	2.3754453960117523E-4
CASSAGTGGYEQYF	TCRBV09-01	2.3754453960117523E-4
CASSMGGKGEQYF	TCRBV09-01	2.3754453960117523E-4
CASSVGGLPYEQYF	TCRBV09-01	2.3754453960117523E-4
CASSVARRGGSDTQYF	TCRBV09-01	2.3754453960117523E-4
CASSPGGAGRNIQYF	TCRBV09-01	2.3754453960117523E-4
CASSFAPSRGNTIYF	TCRBV09-01	2.3754453960117523E-4
CASSPPWGSGVDTQYF	TCRBV09-01	2.3129336750640745E-4
CASSVTEQGFYGYTF	TCRBV09-01	2.3129336750640745E-4
CASSTSWNTEAFF	TCRBV09-01	2.3129336750640745E-4
CASSGAWNTGELFF	TCRBV09-01	2.3129336750640745E-4
CASTPGGYGYTF	TCRBV09-01	2.3129336750640745E-4
CASSVNEQVDGYTF	TCRBV09-01	2.2504219541163967E-4
CASSVGAVSYEQYF	TCRBV09-01	2.2504219541163967E-4
CASSVGVLNQETQYF	TCRBV09-01	2.2504219541163967E-4
CASSFFDKRNEQYF	TCRBV28-01	2.2504219541163967E-4
CASSVEEGGYEQYF	TCRBV09-01	2.2504219541163967E-4
CASSARQSGELFF	TCRBV09-01	2.2504219541163967E-4
CASSVGVGLTGNTIYF	TCRBV09-01	2.2504219541163967E-4
CASSLSGPYNEQFF	TCRBV28-01	2.2504219541163967E-4
CASSGMKQQSRANVLTF	TCRBV11-02	2.2504219541163967E-4
CATSRDRRLNNEQFF	TCRBV15-01	2.2504219541163967E-4
CASMRTSGRYNEQFF	TCRBV27-01	2.2504219541163967E-4
CASSDRDSAWPQHF	TCRBV09-01	2.2504219541163967E-4
CASSVNTGQPSTNEKLFF	TCRBV09-01	2.1879102331687192E-4
CASSITGDNTEAFF	TCRBV09-01	2.1879102331687192E-4
CASSERDWQIYEQYF	TCRBV09-01	2.1879102331687192E-4
CASSVPGTQYF	TCRBV25-01	2.1879102331687192E-4
CASSLLKNEQFF	TCRBV21-01	2.1879102331687192E-4
CASSISGSSYNEQFF	TCRBV09-01	2.1879102331687192E-4
CASSVEDRNNEKLFF	TCRBV09-01	2.1879102331687192E-4
CASSVFGRGTGELFF	TCRBV09-01	2.1879102331687192E-4
CASSVGWRTSTDTQYF	TCRBV09-01	2.1879102331687192E-4
CASGSGGGETQYF	TCRBV27-01	2.1879102331687192E-4
CASSVGGGLNTEAFF	TCRBV09-01	2.1879102331687192E-4
CASSVWSGVGVEQFF	TCRBV09-01	2.1879102331687192E-4
CASSGARSTGELFF	TCRBV09-01	2.1879102331687192E-4
CASSVAGGAYNEQFF	TCRBV09-01	2.1253985122210415E-4
CASSVGQRETGETQYF	TCRBV09-01	2.1253985122210415E-4
CASSVEEGLNEAFF	TCRBV09-01	2.1253985122210415E-4
CAIGTGDSNQPQHF	TCRBV10-03	2.1253985122210415E-4
CASSVATRRSSESNEQFF	TCRBV09-01	2.1253985122210415E-4
CASSIVGGLSNEQFF	TCRBV19-01	2.1253985122210415E-4
CASSVGLATDTQYF	TCRBV09-01	2.1253985122210415E-4
CASSGSGSSYNEQFF	TCRBV09-01	2.1253985122210415E-4
CASSLGGRAQETQYF	TCRBV09-01	2.0628867912733637E-4
CASSGSGAHDEQYF	TCRBV09-01	2.0628867912733637E-4
CASSYSGGGREFF	TCRBV06-05	2.0628867912733637E-4
CASSALSGTLSTDTQYF	TCRBV09-01	2.0628867912733637E-4
CASSVDTNAYEQYF	TCRBV09-01	2.0628867912733637E-4
CASSSRTGYYGYTF	TCRBV27-01	2.0628867912733637E-4
CASSVEAGGPTYEQYF	TCRBV09-01	2.0628867912733637E-4
CASSVGSTGTYEQYF	TCRBV09-01	2.0628867912733637E-4
CASSLSQAFREELFF	TCRBV09-01	2.0628867912733637E-4
CASSFRDRDYEQYF	TCRBV09-01	2.0628867912733637E-4
CASSVGVDYKYEQYF	TCRBV09-01	2.000375070325686E-4
CASSVDPGGGNTEAFF	TCRBV09-01	2.000375070325686E-4
CASSQFQDGSEAFF	TCRBV14-01	2.000375070325686E-4
CASSVGPLAYEQYF	TCRBV09-01	2.000375070325686E-4
CASSVSGSSYNEQFF	TCRBV09-01	2.000375070325686E-4
CAGSRGASTGELFF	TCRBV09-01	1.9378633493780085E-4
CASSLGLATREQYF	TCRBV05-01	1.9378633493780085E-4
CASSLSRGRGQFF	TCRBV27-01	1.9378633493780085E-4
CASSSRQDQETQYF	TCRBV11-02	1.9378633493780085E-4
CASSWAGFSQETQYF	TCRBV06-05	1.9378633493780085E-4
CASSARPLDGNYGYTF	TCRBV09-01	1.9378633493780085E-4
CASSVEEGQLYGYTF	TCRBV09-01	1.9378633493780085E-4
CASSVGGDRGNEQFF	TCRBV09-01	1.9378633493780085E-4
CASSVEGGSYNEQFF	TCRBV09-01	1.9378633493780085E-4
CASSGGQGSTQPQHF	TCRBV09-01	1.9378633493780085E-4
CASSQTELSTQYF	TCRBV14-01	1.9378633493780085E-4
CASSYGLAGGQGTQYF	TCRBV06-05	1.8753516284303307E-4
CATRGDKDYGYTF	TCRBV09-01	1.8753516284303307E-4
CASSGAGTSTDTQYF	TCRBV09-01	1.8753516284303307E-4
CASGITTGRAQLDTGELFF	TCRBV09-01	1.8753516284303307E-4
CASSVNPGKNTEAFF	TCRBV09-01	1.8753516284303307E-4
CASSSPRLDTDTQYF	TCRBV13-01	1.8753516284303307E-4
CASSQPQGATDTQYF	TCRBV09-01	1.8753516284303307E-4
CASSLALGPGNTIYF	TCRBV11-02	1.8753516284303307E-4
CASSLRLAGGQEQYF	TCRBV11-02	1.8753516284303307E-4
CASSVGSTNSYGYTF	TCRBV09-01	1.8753516284303307E-4
CASSAPGRNYGYTF	TCRBV09-01	1.8753516284303307E-4
CASSVGLAEGPGTQYF	TCRBV09-01	1.8753516284303307E-4
CASSKEGGHSGANVLTF	TCRBV09-01	1.812839907482653E-4
CASSPRLSTDTQYF	TCRBV09-01	1.812839907482653E-4
CASSMLHIHHNSPLHF	TCRBV21-01	1.812839907482653E-4
CASSNQLAGPGDTQYF	TCRBV09-01	1.812839907482653E-4
CASSVGGGQHTDTQYF	TCRBV09-01	1.812839907482653E-4
CASSVGEGRSTDTQYF	TCRBV09-01	1.812839907482653E-4
CASSTPRERNNEQFF	TCRBV09-01	1.812839907482653E-4
CASSGRGLHGYTF	TCRBV09-01	1.812839907482653E-4
CASNPALGSLYGYTF	TCRBV07-02	1.812839907482653E-4
CASTDTSGISDTQYF	TCRBV09-01	1.812839907482653E-4
CASSVSQGGNEQFF	TCRBV09-01	1.812839907482653E-4
CASSVRGGVGEQYF	TCRBV09-01	1.812839907482653E-4
CASSHNNEKLFF	TCRBV09-01	1.812839907482653E-4
CASSASGSVYNEQFF	TCRBV09-01	1.7503281865349752E-4
CASSFIYPRQGEETQYF	TCRBV27-01	1.7503281865349752E-4
CASSPPGGLDSYEQYF	TCRBV09-01	1.7503281865349752E-4
CASSHAVSRDRSYEQYF	TCRBV09-01	1.7503281865349752E-4
CASKPSAGEGTGELFF	TCRBV02-01	1.7503281865349752E-4
CASSGPLAGGRDTQYF	TCRBV09-01	1.7503281865349752E-4
CASSFSPGPHNEQFF	TCRBV11-02	1.6878164655872977E-4
CASRGAGGSGELFF	TCRBV11-02	1.6878164655872977E-4
CASSVVGKSPPRTEAFF	TCRBV09-01	1.6878164655872977E-4
CASSGGTGGYYGYTF	TCRBV09-01	1.6878164655872977E-4
CASSVGTGETGELFF	TCRBV09-01	1.6878164655872977E-4
CASSVPLDSDNTEAFF	TCRBV09-01	1.62530474463962E-4
CASSPGLAGLEQYF	TCRBV28-01	1.62530474463962E-4
CASSVGASGATDTQYF	TCRBV09-01	1.62530474463962E-4
CASSTGGDLTGTDTQYF	TCRBV09-01	1.62530474463962E-4
CASSPQGGEQYF	TCRBV09-01	1.62530474463962E-4
CASSSDPRGREETQYF	TCRBV07-09	1.62530474463962E-4
CASSVAEREGNEQFF	TCRBV09-01	1.62530474463962E-4
CASSVPSGTGETQYF	TCRBV09-01	1.5627930236919422E-4
CASSVGDRAGDYTF	TCRBV09-01	1.5627930236919422E-4
CASSVLPRASDEQFF	TCRBV09-01	1.5627930236919422E-4
CASSATAGELFF	TCRBV09-01	1.5627930236919422E-4
CASSVGAASNTEAFF	TCRBV09-01	1.5627930236919422E-4
CASSADYPSYNEQFF	TCRBV09-01	1.5627930236919422E-4
CASSATGTYPNIQYF	TCRBV09-01	1.5627930236919422E-4
CASSGGTGEGYYGYTF	TCRBV09-01	1.5627930236919422E-4
CASSPGVYNEQFF	TCRBV09-01	1.5627930236919422E-4
CASRIGELSTSRANVLTF	TCRBV13-01	1.5627930236919422E-4
CASSASSLDSPLHF	TCRBV09-01	1.5002813027442647E-4
CASSIGTGIHEQYF	TCRBV09-01	1.5002813027442647E-4
CASSELYGDEQFF	TCRBV09-01	1.5002813027442647E-4
CASSAHGGHRTGELFF	TCRBV09-01	1.5002813027442647E-4
CASSVNRGPLHF	TCRBV09-01	1.5002813027442647E-4
CASSVEGHWGNEQFF	TCRBV09-01	1.5002813027442647E-4
CASSASGTGGLYGYTF	TCRBV09-01	1.5002813027442647E-4
CASSVGGLTGELFF	TCRBV09-01	1.5002813027442647E-4
CASSVRADYNEQFF	TCRBV09-01	1.5002813027442647E-4
CASSVVAGVNQPQHF	TCRBV09-01	1.5002813027442647E-4
CASSPTSGESTDTQYF	TCRBV09-01	1.5002813027442647E-4
CASSPGLVSFWSSYNEQFF	TCRBV09-01	1.5002813027442647E-4
CASSVPSGSGSNEQFF	TCRBV09-01	1.437769581796587E-4
CASSGSIDSYNEQFF	TCRBV09-01	1.437769581796587E-4
CASSVGGLANEQFF	TCRBV09-01	1.437769581796587E-4
CASSLLGTPSTDTQYF	TCRBV09-01	1.437769581796587E-4
CASTGGLASYNEQFF	TCRBV19-01	1.437769581796587E-4
CASSPNREYGYTF	TCRBV18-01	1.437769581796587E-4
CASSGLAGGLGNEQFF	TCRBV09-01	1.437769581796587E-4
CASSPSGRAYNEQFF	TCRBV09-01	1.437769581796587E-4
CASTSTNYGYTF	TCRBV09-01	1.437769581796587E-4
CASSAGSRLDEQYF	TCRBV09-01	1.437769581796587E-4
CASRRGGSADTQYF	TCRBV09-01	1.437769581796587E-4
CASSVGQFSSTDTQYF	TCRBV09-01	1.3752578608489091E-4
CASSVPGSDTGELFF	TCRBV09-01	1.3752578608489091E-4
CASNDPRAHNEQFF	TCRBV09-01	1.3752578608489091E-4
CASSVARTSGRQEQFF	TCRBV09-01	1.3752578608489091E-4
CASSPSGGGNEQFF	TCRBV09-01	1.3752578608489091E-4
CASSQGTGNSPLHF	TCRBV14-01	1.3752578608489091E-4
CATSEGQGVSNEQFF	TCRBV15-01	1.3752578608489091E-4
CASSLERVYSRVPGELFF	TCRBV11-02	1.3752578608489091E-4
CASSMGLEQFF	TCRBV19-01	1.3752578608489091E-4
CASSFPQSTSTDTQYF	TCRBV11-02	1.3752578608489091E-4
CASSVTGGIDSGANVLTF	TCRBV09-01	1.3127461399012314E-4
CASSLEGGQAYNEQFF	TCRBV09-01	1.3127461399012314E-4
CASSGSGGRGETQYF	TCRBV09-01	1.3127461399012314E-4
CASSASGSSYNEQFF	TCRBV09-01	1.3127461399012314E-4
CASSVSMNTDTQYF	TCRBV09-01	1.3127461399012314E-4
CASSEDGVRETQYF	TCRBV09-01	1.3127461399012314E-4
CASSQVTGGPADTQYF	TCRBV04-01	1.3127461399012314E-4
CASGGTSVSETQYF	TCRBV09-01	1.3127461399012314E-4
CASSVYETDTQYF	TCRBV09-01	1.3127461399012314E-4
CASSIRPGQGNPHEQFF	TCRBV09-01	1.3127461399012314E-4
CASSVEGNPQYF	TCRBV09-01	1.3127461399012314E-4
CASSDSRLAGEQETQYF	TCRBV06-04	1.3127461399012314E-4
CASSVAYHSGANVLTF	TCRBV09-01	1.3127461399012314E-4
CASSVRTGGSDGYTF	TCRBV09-01	1.3127461399012314E-4
CASSTAGSTETQYF	TCRBV09-01	1.250234418953554E-4
CASSVAGSGRLDTQYF	TCRBV09-01	1.250234418953554E-4
CASSVRWDQDTGELFF	TCRBV09-01	1.250234418953554E-4
CASSVEGHGTDTQYF	TCRBV09-01	1.250234418953554E-4
CASSASSQGLLDIQYF	TCRBV09-01	1.1877226980058761E-4
CASSVHGRPQETQYF	TCRBV09-01	1.1877226980058761E-4
CASSVWQVTDTQYF	TCRBV09-01	1.1877226980058761E-4
CASSARGVASPYNEQFF	TCRBV09-01	1.1877226980058761E-4
CASSVGGLGQGETQYF	TCRBV09-01	1.1877226980058761E-4
CASSVRGLADYNEQFF	TCRBV09-01	1.1877226980058761E-4
CASSDWDRGQGETQYF	TCRBV09-01	1.1877226980058761E-4
CASSGTGGSTSNEKLFF	TCRBV09-01	1.1877226980058761E-4
CASSEGSSYPQETQYF	TCRBV09-01	1.1252109770581984E-4
CASSAQGPGTEAFF	TCRBV09-01	1.1252109770581984E-4
CASSVSPIGRGKETQYF	TCRBV09-01	1.1252109770581984E-4
CASSLNPGRGADTQYF	TCRBV11-02	1.1252109770581984E-4
CASSFSREVYF	TCRBV05-05	1.1252109770581984E-4
CASSVSGGDSYEQYF	TCRBV09-01	1.1252109770581984E-4
CASSVLAGDSYEQYF	TCRBV09-01	1.1252109770581984E-4
CASSVWGTGANVLTF	TCRBV09-01	1.1252109770581984E-4
CASTSVRLGYTF	TCRBV09-01	1.1252109770581984E-4
CASSPWTAPQETQYF	TCRBV09-01	1.1252109770581984E-4
CASSLASSGANVLTF	TCRBV05-05	1.1252109770581984E-4
CASSAQGAGEQYF	TCRBV09-01	1.0626992561105207E-4
CASSRRVAGGPSDTQYF	TCRBV09-01	1.0626992561105207E-4
CASSPRVQGAYGYTF	TCRBV09-01	1.0626992561105207E-4
CASSVVPTGGPYNEQFF	TCRBV09-01	1.0626992561105207E-4
CASNSLDQKADTQYF	TCRBV09-01	1.0626992561105207E-4
CASSVGGGQTTGADTQYF	TCRBV09-01	1.0626992561105207E-4
CASGWSGRNEQFF	TCRBV09-01	1.0626992561105207E-4
CASSHRLAENTGELFF	TCRBV09-01	1.0626992561105207E-4
CASSVYQVVRQYEQFF	TCRBV09-01	1.0626992561105207E-4
CASSVDGTSGYNEQFF	TCRBV09-01	1.0626992561105207E-4
CASSVGTSGSREQFF	TCRBV09-01	1.0626992561105207E-4
CASSVSWQSSYNEQFF	TCRBV09-01	1.000187535162843E-4
CASSVEGAGEGPLDTQYF	TCRBV09-01	1.000187535162843E-4
CASSYPVSGGLLQETQYF	TCRBV07-03	1.000187535162843E-4
CASSVGGNEQFF	TCRBV09-01	1.000187535162843E-4
CASSPSRVRAEAFF	TCRBV11-02	1.000187535162843E-4
CASSSGLAGGFEQFF	TCRBV07-02	1.000187535162843E-4
CASSVGGGSSYNEQFF	TCRBV09-01	1.000187535162843E-4
CASSSGGTEAFF	TCRBV09-01	1.000187535162843E-4
CASSVSGSSYNEQFF	TCRBV09-01	1.000187535162843E-4
CASSPRVGGPTAEAFF	TCRBV09-01	1.000187535162843E-4
CASSEPLEGGPNYGYTF	TCRBV09-01	9.376758142151654E-5
CASSEVSSGNTIYF	TCRBV09-01	9.376758142151654E-5
CASSPGGRDITDTQYF	TCRBV09-01	9.376758142151654E-5
CASSVGLAGDTYEQYF	TCRBV09-01	9.376758142151654E-5
CASWEVRKTYGYTF	TCRBV05-01	8.751640932674876E-5
CASSVDQGYTEAFF	TCRBV09-01	8.751640932674876E-5
CASTEASTDTQYF	TCRBV06-06	8.751640932674876E-5
CASSVGSGGDEQYF	TCRBV09-01	8.751640932674876E-5
CASSERTSGRALYNEQFF	TCRBV02-01	8.751640932674876E-5
CASSVEGGAGYEQYF	TCRBV09-01	8.1265237231981E-5
CASSVGPIHNEQFF	TCRBV09-01	8.1265237231981E-5
CASSPYERGQETQYF	TCRBV09-01	8.1265237231981E-5
CASSARTGELFF	TCRBV09-01	8.1265237231981E-5
CASSPGERVTYEQYF	TCRBV09-01	7.501406513721323E-5
CASSVASGGTDTQYF	TCRBV09-01	7.501406513721323E-5
CASSLVGETQYF	TCRBV11-02	7.501406513721323E-5
CASSASGGSFNEQFF	TCRBV09-01	7.501406513721323E-5
CASSPPGTSYNEQFF	TCRBV07-09	7.501406513721323E-5
CASSVEGFGGELFF	TCRBV09-01	7.501406513721323E-5
CASSLGTSGVEETQYF	TCRBV09-01	7.501406513721323E-5
CASSVTGTSGRRLDTQYF	TCRBV09-01	7.501406513721323E-5
CASSVTGGIYGYTF	TCRBV09-01	7.501406513721323E-5
CASSVGILAGGPGETQYF	TCRBV09-01	6.876289304244546E-5
CASSVAGGRGETQYF	TCRBV09-01	6.876289304244546E-5
CASSVEGSGGPTGELFF	TCRBV09-01	6.876289304244546E-5
CASSSAGGYSYNEQFF	TCRBV11-03	6.876289304244546E-5
CASSPRGASGTDTEAFF	TCRBV09-01	6.25117209476777E-5
CASSDRTSGIHNEQFF	TCRBV09-01	6.25117209476777E-5
CASSKGGGFQDEQFF	TCRBV09-01	6.25117209476777E-5
CASRMVGGPNNEQFF	TCRBV19-01	6.25117209476777E-5
CASSVRGAGELFF	TCRBV09-01	6.25117209476777E-5
CASKATGSEDTGELFF	TCRBV09-01	6.25117209476777E-5
CASSLAAGWDEQFF	TCRBV05-05	6.25117209476777E-5
CASSVWGADYNEQFF	TCRBV09-01	6.25117209476777E-5
CASSLRDPPGEQYF	TCRBV09-01	5.626054885290992E-5
CASLPGLAGVLTNNEQFF	TCRBV09-01	5.626054885290992E-5
CASAGGGGSWTDTQYF	TCRBV09-01	5.626054885290992E-5
CASSFGGRATDTQYF	TCRBV11-02	5.626054885290992E-5
CASSVEGGAGSTDTQYF	TCRBV09-01	5.626054885290992E-5
CASGGRENEKLFF	TCRBV09-01	5.626054885290992E-5
CASSGTSGGYNEQFF	TCRBV09-01	5.626054885290992E-5
CATSRSPGTSYEQFF	TCRBV15-01	5.000937675814215E-5
CASSVAGGAGGTDTQYF	TCRBV09-01	5.000937675814215E-5
CASSSSGGGIKATQYF	TCRBV09-01	5.000937675814215E-5
CASSTSGYGTDTQYF	TCRBV07-09	5.000937675814215E-5
CASSVTPGRQETQYF	TCRBV09-01	5.000937675814215E-5
CASSVGRGRGPTDTQYF	TCRBV09-01	5.000937675814215E-5
CASSEAQTYEQYF	TCRBV09-01	5.000937675814215E-5
CASSPYVASGGATTDTQYF	TCRBV09-01	5.000937675814215E-5
CASSSPGTAEQYF	TCRBV07-09	4.375820466337438E-5
CASSESSGGRETQYF	TCRBV09-01	4.375820466337438E-5
CASCSSGGGIKETQYF	TCRBV09-01	4.375820466337438E-5
CASSVGGRGLSYNEQFF	TCRBV09-01	3.750703256860662E-5
CASSATGGPDTGELFF	TCRBV09-01	3.750703256860662E-5
CASSVACGRGETQYF	TCRBV09-01	3.750703256860662E-5
CASSNPGQGPVGNEQFF	TCRBV09-01	3.750703256860662E-5
CASSPPTGSGTDTQYF	TCRBV09-01	3.750703256860662E-5
CASSRHPNEKLFF	TCRBV11-02	3.750703256860662E-5
CASSVEVGGGLGVTDSYNEQFF	TCRBV09-01	3.750703256860662E-5
CASSVERFNKQFF	TCRBV09-01	3.750703256860662E-5
CASSPSGGRGETQYF	TCRBV09-01	3.750703256860662E-5
CAGSVDQGYTEAFF	TCRBV09-01	3.125586047383885E-5
CASSLGNMGSSYEQYF	TCRBV07-09	3.125586047383885E-5
CASSLPDAGAGVHSSYNEQFF	TCRBV09-01	3.125586047383885E-5
CASSPGLAGGFEQFF	TCRBV07-02	3.125586047383885E-5
CASSLSEGTRHEQYF	TCRBV04-01	3.125586047383885E-5
CASSEDGRYNSPLHF	TCRBV09-01	3.125586047383885E-5
CASTDRAGEQFF	TCRBV09-01	3.125586047383885E-5
CASSAGVTEAFF	TCRBV09-01	3.125586047383885E-5
CASSLNRGPSYEQYF	TCRBV07-02	3.125586047383885E-5
CASSTGINNSPLHF	TCRBV16-01	2.5004688379071074E-5
CASSVSPKLMNTEAFF	TCRBV09-01	2.5004688379071074E-5
CASSVPSGSGPNEQFF	TCRBV09-01	2.5004688379071074E-5
CASSPDYGGAYNEQFF	TCRBV11-02	2.5004688379071074E-5
CASSPSGSSYNEQFF	TCRBV09-01	2.5004688379071074E-5
CACISSGGGIKETQYF	TCRBV09-01	2.5004688379071074E-5
CASSPSGGRGETQYF	TCRBV09-01	2.5004688379071074E-5
CASSSSGGGIKETQYF	TCRBV09-01	2.5004688379071074E-5
CASSSSGGGIKDTQYF	TCRBV09-01	2.5004688379071074E-5
CASSPHTRDTQYF	TCRBV09-01	2.5004688379071074E-5
CASSLAPQRRNTEAFF	TCRBV05-01	2.5004688379071074E-5
CASSSSGGGIKVTQYF	TCRBV09-01	2.5004688379071074E-5
CASGTAYEQYF	TCRBV02-01	2.5004688379071074E-5
CASSPSGDPYEQYF	TCRBV06-09	2.5004688379071074E-5
CASSVGSTGTYEQHF	TCRBV09-01	2.5004688379071074E-5
CASSSSGGGIKDTQYF	TCRBV09-01	2.5004688379071074E-5
CARISSGGGIKETQYF	TCRBV09-01	2.5004688379071074E-5
CASSSSGGGIKETQYF	TCRBV09-01	2.5004688379071074E-5
CASSSSGGGIKETQYF	TCRBV09-01	2.5004688379071074E-5
CASSVSGANEQFF	TCRBV09-01	2.5004688379071074E-5
CASSGPRLGLSTGELFF	TCRBV07-02	1.875351628430331E-5
CAGTPGGYGYTF	TCRBV09-01	1.875351628430331E-5
CASSVAGGPPDTQYF	TCRBV09-01	1.875351628430331E-5
CASSVGGRPYEQYF	TCRBV09-01	1.875351628430331E-5
CASSFFDKRNEQYF	TCRBV28-01	1.875351628430331E-5
CASSVGSTGTYEQYF	TCRBV09-01	1.875351628430331E-5
CASSMGRDEAFF	TCRBV09-01	1.2502344189535537E-5
CASSVLAGDSYEQYF	TCRBV09-01	1.2502344189535537E-5
CASSVRGGVGEQYF	TCRBV09-01	1.2502344189535537E-5
CAGSGRPSGTYEQYF	TCRBV02-01	1.2502344189535537E-5
CASSVDREGGSYNSPLHF	TCRBV09-01	1.2502344189535537E-5
CASSLEPSGGYEQFF	TCRBV11-02	1.2502344189535537E-5
CASSVGGSLSSYNSPLHF	TCRBV09-01	1.2502344189535537E-5
CASSSSGGGIKVTQYF	TCRBV09-01	1.2502344189535537E-5
CASRSSGGGIKETQYF	TCRBV09-01	1.2502344189535537E-5
CASSSSGGGIKDTQYF	TCRBV09-01	1.2502344189535537E-5
CTSSSSGGGIKETQYF	TCRBV09-01	1.2502344189535537E-5
CASSVATLGADTQYF	TCRBV09-01	1.2502344189535537E-5
CASSARQSGELFF	TCRBV09-01	1.2502344189535537E-5
CASSPRTENIQYF	TCRBV09-01	1.2502344189535537E-5
CASSVERFNEQFF	TCRBV09-01	1.2502344189535537E-5
CASSVGGQPDTQYF	TCRBV09-01	1.2502344189535537E-5
CATRGDKDYGYTF	TCRBV09-01	1.2502344189535537E-5
CASSVSRVVRKIYGYTF	TCRBV16-01	1.2502344189535537E-5
