CASSGSLGGPYEQYF	TCRBV19-01	0.14420536051340127
CASAFGGTGSRSQHF	TCRBV12-05	0.06625141562853908
CASHGGQGNEQFF	TCRBV07-09	0.057568893922234805
CASSGTGTGWLADEKLFF		0.04284635711589279
CASSFVAGSQETQYF	TCRBV27-01	0.01698754246885617
CASSPGVGSYEQYF	TCRBV18-01	0.01642129105322763
CASSEAGERGAGSPLHF	TCRBV06-01	0.0120800302000755
CASSGPLAGGSNEQFF	TCRBV07-09	0.010381275953189883
CASSGQRDYEQYF	TCRBV11-01	0.007361268403171008
CASRAGGWEETQYF		0.007172517931294828
CASSLSLNTEAFF	TCRBV11-03	0.00660626651566629
CASNLYSNQPQHF	TCRBV07-02	0.00622876557191393
CASSYGGLAGGTDFEQYF		0.00622876557191393
CASSETTNYGYTF	TCRBV02-01	0.00604001510003775
CASRVGTDQLTF	TCRBV10-02	0.0056625141562853904
CASTGVGLSEQYF	TCRBV06-01	0.005096262740656852
CASSHSGTGRTPLHF		0.004718761796904492
CASTKWGAALNSPLHF		0.004718761796904492
CASSLVGTPYNEQFF	TCRBV05-01	0.004341260853152133
CASSEGQEHEQYF	TCRBV13-01	0.004341260853152133
CASSSLTTGVF	TCRBV13-01	0.003586258965647414
CSVVTGDTGELFF	TCRBV29-01	0.003586258965647414
CASSYGTGGNQPQHF	TCRBV11-02	0.0032087580218950547
CASSARTDTETQYF	TCRBV09-01	0.003020007550018875
CASSFPREQLANSPLHF	TCRBV07-03	0.003020007550018875
CASNQRVKTDTQYF	TCRBV09-01	0.003020007550018875
CASAPGTGYEQYF	TCRBV19-01	0.0028312570781426952
CSARDPGVDYEQYF		0.0028312570781426952
CSVGHSNTEAFF	TCRBV29-01	0.002453756134390336
CASSRQATGGTEAFF	TCRBV07-09	0.0022650056625141564
CASSQAGNTEAFF	TCRBV04-03	0.0020762551906379767
CSAGSFGTDDGYTF	TCRBV29-01	0.001887504718761797
CASSLQGDGGGVGYTF	TCRBV04-01	0.001887504718761797
CASSPRTGREQYF	TCRBV04-03	0.0016987542468856172
CARSSTAQETEAFF	TCRBV07-05	0.0016987542468856172
CASSHSGGLYEQYF	TCRBV06-06	0.0016987542468856172
CASSPAGTRETQYF	TCRBV07-09	0.0015100037750094375
CASSTSQGAEQYF	TCRBV07-06	0.0015100037750094375
CASSFAELNTEAFF		0.0015100037750094375
CASSDFLGSNYGYTF	TCRBV07-08	0.0013212533031332577
CASTDGNGYTF	TCRBV02-01	0.0013212533031332577
CASSPTADVGNTEAFF		0.0013212533031332577
CSVDESGNTEAFF	TCRBV29-01	0.0013212533031332577
CASSPDRMNEKLFF	TCRBV07-09	0.0013212533031332577
CASSPWTGNTEAFF	TCRBV27-01	0.0013212533031332577
CATSRGQGARGDGYTF	TCRBV15-01	0.0013212533031332577
CASSSTGTLLNTEAFF	TCRBV27-01	0.0011325028312570782
CSARGLAGGRNTGELFF		0.0011325028312570782
CASSKLESSDEQYF	TCRBV11-02	0.0011325028312570782
CASTGTGLHEQYF	TCRBV06-01	0.0011325028312570782
CSARDAGRDYEQYF		0.0011325028312570782
CASSPRTSHTETQYF		0.0011325028312570782
CASSPPLGVHGNTIYF	TCRBV09-01	0.0011325028312570782
CASSIDPSSAEFF	TCRBV19-01	0.0011325028312570782
CASKAGGGAKNIQYF	TCRBV02-01	9.437523593808985E-4
CASSEGRGKFETQYF	TCRBV06-01	9.437523593808985E-4
CASSLTGVSSPLHF	TCRBV27-01	9.437523593808985E-4
CASRGSSGNTIYF	TCRBV06-01	9.437523593808985E-4
CASSLLTGELFF	TCRBV18-01	9.437523593808985E-4
CASSPWTTQETQYF		9.437523593808985E-4
CASSPGRGSNEKLFF		7.550018875047187E-4
CASSVESRNLETQYF	TCRBV09-01	7.550018875047187E-4
CASSPGAGRNNEQFF	TCRBV04-02	7.550018875047187E-4
CASHASGGADQETQYF	TCRBV05-04	7.550018875047187E-4
CASSHDRGYEQYF	TCRBV04-03	7.550018875047187E-4
CASSPFRPGEFSGNTIYF	TCRBV18-01	7.550018875047187E-4
CASSIDAGGYDGYTF	TCRBV19-01	7.550018875047187E-4
CASSLWGPGNTIYF	TCRBV05-04	7.550018875047187E-4
CASSLSRAGGTSSTDTQYF		7.550018875047187E-4
CASSQAGGRDEAFF	TCRBV04-02	7.550018875047187E-4
CASSPGPTYEQYF	TCRBV11-02	7.550018875047187E-4
CASMTGPRVSLHF	TCRBV07-03	7.550018875047187E-4
CASSKTSGDYNEQFF	TCRBV19-01	7.550018875047187E-4
CATRQGALDEQYF	TCRBV19-01	7.550018875047187E-4
CASSPSEGGDSPLHF	TCRBV07-09	7.550018875047187E-4
CASSPTDRASYGYTF	TCRBV19-01	7.550018875047187E-4
CASSQDHWSGPSYNEQFF	TCRBV04-03	7.550018875047187E-4
CAISESDRGLWEQYF	TCRBV10-03	5.662514156285391E-4
CSVDEAGNYGYTF	TCRBV29-01	5.662514156285391E-4
CASSLSPRQPQHF	TCRBV14-01	5.662514156285391E-4
CASSLRTGGVTEAFF	TCRBV28-01	5.662514156285391E-4
CASSQSGYEQYF	TCRBV07-08	5.662514156285391E-4
CASSLAGGYNEQFF	TCRBV07-06	5.662514156285391E-4
CASTGTYSYNEQFF	TCRBV02-01	5.662514156285391E-4
CASSPSAAGQGKQYF		5.662514156285391E-4
CASSQDGLVGGGNSPLHF	TCRBV04-02	5.662514156285391E-4
CARSLGLATYEQYF	TCRBV05-03	5.662514156285391E-4
CAWADPRGGYTF	TCRBV30-01	5.662514156285391E-4
CASSSGPGYTF	TCRBV19-01	5.662514156285391E-4
CASRCLVYTIRTEAFF	TCRBV21-01	5.662514156285391E-4
CASSQAGPGTAQKSYNSPLHF	TCRBV04-03	5.662514156285391E-4
CASRGQGNTEAFF	TCRBV07-06	5.662514156285391E-4
CASIDPDGNTEAFF	TCRBV21-01	5.662514156285391E-4
CAWSGGSGGPPYNEQFF	TCRBV30-01	5.662514156285391E-4
CACTTDREYNEQFF	TCRBV30-01	5.662514156285391E-4
CASSPTSGPTEAFF	TCRBV27-01	5.662514156285391E-4
CSLHAGATDTQYF		5.662514156285391E-4
CASSSRSRSYEQYF	TCRBV07-08	3.7750094375235937E-4
CASSIDTQGLQPQHF	TCRBV19-01	3.7750094375235937E-4
CASSLLPDEQFF	TCRBV07-03	3.7750094375235937E-4
CASSQGGGRDTQYF	TCRBV04-03	3.7750094375235937E-4
CASSQANGNQPQHF	TCRBV04-01	3.7750094375235937E-4
CASSLTTRGEQYF	TCRBV07-03	3.7750094375235937E-4
CASSFTQDNEQFF	TCRBV05-01	3.7750094375235937E-4
CASSSFGLAHYEQYF	TCRBV05-01	3.7750094375235937E-4
CASSPGQGGYEQYF	TCRBV05-04	3.7750094375235937E-4
CASSLGPYEQYF	TCRBV07-09	3.7750094375235937E-4
CASSLAGGSSYEQYF	TCRBV07-02	3.7750094375235937E-4
CASSSSGGAGYGYTF	TCRBV07-09	3.7750094375235937E-4
CASSSERDRAYEQYF	TCRBV07-09	3.7750094375235937E-4
CASSLFGAGGGETQYF	TCRBV05-04	3.7750094375235937E-4
CAWSGASGQGADEQYF	TCRBV30-01	3.7750094375235937E-4
CASSQDLGQGTDTQYF	TCRBV04-03	3.7750094375235937E-4
CASSPPGGEYGYTF	TCRBV18-01	3.7750094375235937E-4
CASSQVAGTSGEQYF	TCRBV04-01	3.7750094375235937E-4
CASSLGTGGAGGYTF	TCRBV04-01	3.7750094375235937E-4
CASRSTGGAYNEQFF	TCRBV19-01	3.7750094375235937E-4
CASSGSLGGPYEQYF	TCRBV19-01	3.7750094375235937E-4
CASSFRQGDYGYTF	TCRBV07-09	3.7750094375235937E-4
CASSYSSVWEQTEAFF	TCRBV06-07	3.7750094375235937E-4
CASSRPNTEAFF	TCRBV06-06	3.7750094375235937E-4
CASSLEGRSEQYF	TCRBV05-01	3.7750094375235937E-4
CASRDRDRVNTEAFF	TCRBV06-01	3.7750094375235937E-4
CASSFLQGTDTQYF	TCRBV28-01	3.7750094375235937E-4
CASSSWTGHNSPLHF	TCRBV02-01	3.7750094375235937E-4
CASSLFTVSYEQYF	TCRBV28-01	3.7750094375235937E-4
CASSQAASSGEQFF	TCRBV04-01	3.7750094375235937E-4
CASTLQGWRTEAFF	TCRBV28-01	3.7750094375235937E-4
CASSQGTTSAGELFF	TCRBV04-03	3.7750094375235937E-4
CASSLRGAYNEQFF	TCRBV19-01	3.7750094375235937E-4
CASSDQGARGYTF	TCRBV07-09	3.7750094375235937E-4
CASRTGAGGNIQYF	TCRBV19-01	3.7750094375235937E-4
CAWCSGAGSPLHF	TCRBV30-01	3.7750094375235937E-4
CASSYSQGAFYGYTF	TCRBV06-05	3.7750094375235937E-4
CASSYSGQGGKTQYF	TCRBV06-05	3.7750094375235937E-4
CASSLYIAGGPETQYF	TCRBV07-06	3.7750094375235937E-4
CASTRTALSNQPQHF	TCRBV06-01	3.7750094375235937E-4
CASSEGTGWDTIYF	TCRBV02-01	3.7750094375235937E-4
CASSIRLGQGDSPLHF	TCRBV19-01	3.7750094375235937E-4
CASSHRGRRNTEAFF	TCRBV06-05	3.7750094375235937E-4
CASSVTGDSGYTF	TCRBV09-01	3.7750094375235937E-4
CASNQDVAQPQHF	TCRBV19-01	3.7750094375235937E-4
CASSLERPETQYF	TCRBV07-06	3.7750094375235937E-4
CASSPSPRADNSPLHF	TCRBV04-01	3.7750094375235937E-4
CASSYRDGPYEQYF	TCRBV07-06	3.7750094375235937E-4
CASTMEYGDEQYF	TCRBV06-05	3.7750094375235937E-4
CASSASTTGRSGANVLTF	TCRBV09-01	3.7750094375235937E-4
CASSLDGWPLHF	TCRBV07-09	3.7750094375235937E-4
CASSTPASGEQYF	TCRBV06-05	3.7750094375235937E-4
CASSTRWGRSGNTEAFF	TCRBV09-01	3.7750094375235937E-4
CASSVGQGFTEAFF	TCRBV09-01	3.7750094375235937E-4
CASSPDRGETQYF	TCRBV07-09	3.7750094375235937E-4
CASSLYRDGYTF	TCRBV07-09	3.7750094375235937E-4
CAWSVWLYNEQFF	TCRBV30-01	3.7750094375235937E-4
CASSPHYNGNTEAFF	TCRBV09-01	3.7750094375235937E-4
CASSLALASAMGQHF	TCRBV05-05	3.7750094375235937E-4
CASSLEGSSYEQYF	TCRBV07-09	3.7750094375235937E-4
CASSVEGGNTEAFF	TCRBV09-01	3.7750094375235937E-4
CASSPQGLQPQHF	TCRBV07-08	3.7750094375235937E-4
CASSVVGTGSGELFF	TCRBV25-01	3.7750094375235937E-4
CASSLGAGSSYEQYF	TCRBV07-08	3.7750094375235937E-4
CASSEGAGTEAFF	TCRBV07-09	3.7750094375235937E-4
CASTREISTDTQYF	TCRBV11-01	3.7750094375235937E-4
CASSIFVDGYTF	TCRBV02-01	3.7750094375235937E-4
CAWIELAGNEQFF	TCRBV30-01	3.7750094375235937E-4
CASTASGGTQYF	TCRBV25-01	3.7750094375235937E-4
CASSLDRGLVQPQHF		3.7750094375235937E-4
CASSQGGNGRDTQYF	TCRBV04-03	3.7750094375235937E-4
CASSRPGSASYTQYF	TCRBV27-01	3.7750094375235937E-4
CSVYGENTEAFF	TCRBV29-01	3.7750094375235937E-4
CASSNRQTSGHNEQFF	TCRBV27-01	3.7750094375235937E-4
CSASRNLNTEAFF		3.7750094375235937E-4
CASSLSAYTTEAFF	TCRBV11-02	3.7750094375235937E-4
CASSHRWDQPQHF		3.7750094375235937E-4
CASIRQPGNTEAFF		3.7750094375235937E-4
CASSADRGPSPLHF	TCRBV27-01	3.7750094375235937E-4
CASSSSSPAGGPQETQYF		3.7750094375235937E-4
CASSQDPRRSYNEQFF		3.7750094375235937E-4
CSAFPREGGGQPQHF		3.7750094375235937E-4
CASLGGRGGLANEQFF		3.7750094375235937E-4
CASSDSVWGRLYGYTF	TCRBV06-04	3.7750094375235937E-4
CASRIYQPQHF		3.7750094375235937E-4
CASTTYGPNTGELFF	TCRBV27-01	3.7750094375235937E-4
CASKGEQPGYTF	TCRBV27-01	3.7750094375235937E-4
CSVPIPYSGNTIYF		3.7750094375235937E-4
CASSLASSYEQYF	TCRBV05-06	3.7750094375235937E-4
CASSHLSTGNTGELFF	TCRBV04-01	3.7750094375235937E-4
CASNIRQDSRSEQFF	TCRBV05-06	3.7750094375235937E-4
CASSQQGNQPQHF	TCRBV04-01	3.7750094375235937E-4
CSVDLTYYGYTF	TCRBV29-01	3.7750094375235937E-4
CASSLSRTYPSYEQYF		3.7750094375235937E-4
CSARVEGIYNEQFF		3.7750094375235937E-4
CASSQDESRGGQPQHF	TCRBV04-02	3.7750094375235937E-4
CASSSSVSSTDTQYF	TCRBV27-01	3.7750094375235937E-4
CASHGGQGNEQFF		3.7750094375235937E-4
CASRPLGTYEQYF	TCRBV27-01	3.7750094375235937E-4
CASGAGGATDTQYF		3.7750094375235937E-4
CSVAGTVNEQYF	TCRBV29-01	3.7750094375235937E-4
CASKLAGGQETQYF		3.7750094375235937E-4
CASSHFVLDEQYF		3.7750094375235937E-4
CSARVLDSQNTEAFF		3.7750094375235937E-4
CASSIGSSGANVLTF	TCRBV19-01	1.8875047187617969E-4
CASSIGRGYAYEQYF	TCRBV19-01	1.8875047187617969E-4
CASSGGTSNQPQHF	TCRBV27-01	1.8875047187617969E-4
CASRDSTEAFF	TCRBV27-01	1.8875047187617969E-4
CASKNYARTNEKLFF	TCRBV27-01	1.8875047187617969E-4
CASSEGGDGNQPQHF	TCRBV06-01	1.8875047187617969E-4
CASSEGDSFYNEQFF	TCRBV06-01	1.8875047187617969E-4
CASSPSQANYGYTF	TCRBV27-01	1.8875047187617969E-4
CASSLITSGGPNEQFF	TCRBV27-01	1.8875047187617969E-4
CASQGWESTDTQYF	TCRBV19-01	1.8875047187617969E-4
CAITSGTLFYGYTF	TCRBV06-01	1.8875047187617969E-4
CASSIDVGGEQYF	TCRBV19-01	1.8875047187617969E-4
CASRDRDRVNTEAFF	TCRBV06-01	1.8875047187617969E-4
CASSETEGTGENIQYF	TCRBV06-01	1.8875047187617969E-4
CASRPLGTYEQYF	TCRBV27-01	1.8875047187617969E-4
CASSEEGAYTEAFF	TCRBV06-01	1.8875047187617969E-4
CASSLTQGAKQRETQYF	TCRBV19-01	1.8875047187617969E-4
CASSRERGEQYF	TCRBV27-01	1.8875047187617969E-4
CATLGGTGELFF	TCRBV27-01	1.8875047187617969E-4
CASSLTLNTEAFF	TCRBV19-01	1.8875047187617969E-4
CASTQGTNTGELFF	TCRBV06-04	1.8875047187617969E-4
CASSMGGKTEQYF	TCRBV19-01	1.8875047187617969E-4
CASSSLAGGSYNEQFF	TCRBV27-01	1.8875047187617969E-4
CASSFWKPGTAEKLFF	TCRBV27-01	1.8875047187617969E-4
CASSHKLHRGYTF	TCRBV27-01	1.8875047187617969E-4
CASSSPIGLGTDTQYF	TCRBV27-01	1.8875047187617969E-4
CASSPGYNYEQYF	TCRBV19-01	1.8875047187617969E-4
CASSQSRRGRFAYQPQHF	TCRBV23-01	1.8875047187617969E-4
CASSEEGVGYEQYF	TCRBV06-01	1.8875047187617969E-4
CASSEISSSTDTQYF	TCRBV06-01	1.8875047187617969E-4
CASSEEGVGYEQYF	TCRBV06-01	1.8875047187617969E-4
CASSVWGLAGETQYF	TCRBV06-01	1.8875047187617969E-4
CASSEEAGRGQETQYF	TCRBV06-01	1.8875047187617969E-4
CASSSTGGNQPQHF	TCRBV07-06	1.8875047187617969E-4
CASSSTGADTQYF	TCRBV25-01	1.8875047187617969E-4
CASSTDATGELFF	TCRBV07-02	1.8875047187617969E-4
CASSDWGKSGEKLFF	TCRBV25-01	1.8875047187617969E-4
CASSDSSGGGDTQYF	TCRBV06-04	1.8875047187617969E-4
CATSTGGADTQYF	TCRBV27-01	1.8875047187617969E-4
CASSTKTELSTDTQYF	TCRBV27-01	1.8875047187617969E-4
CASSSKVEGGYTF	TCRBV27-01	1.8875047187617969E-4
CASSPRTGRRNTIYF	TCRBV27-01	1.8875047187617969E-4
CASKPKGGYTF	TCRBV21-01	1.8875047187617969E-4
CASSLGGSGNTIYF	TCRBV27-01	1.8875047187617969E-4
CASSGWDNQPQHF	TCRBV06-01	1.8875047187617969E-4
CASSRTGSGNQYGYTF	TCRBV07-09	1.8875047187617969E-4
CASSLGTGGLSDTQYF	TCRBV07-02	1.8875047187617969E-4
CASSLGSSGGTDTQYF	TCRBV07-02	1.8875047187617969E-4
CASSVWADREETQYF	TCRBV27-01	1.8875047187617969E-4
CASSGGQGGDGYTF	TCRBV06-01	1.8875047187617969E-4
CASSPLAGPGETQYF	TCRBV28-01	1.8875047187617969E-4
CASSEPDQPQHF	TCRBV06-01	1.8875047187617969E-4
CASSLEMGGGVYEQYF	TCRBV04-03	1.8875047187617969E-4
CASRETGTGLGEQYF	TCRBV13-01	1.8875047187617969E-4
CASSSGVAGAHEQYF	TCRBV13-01	1.8875047187617969E-4
CASSLSGTNEKLFF	TCRBV05-06	1.8875047187617969E-4
CASSLLAGRGFGEQYF	TCRBV07-02	1.8875047187617969E-4
CASSPGRRGSNQPQHF	TCRBV05-06	1.8875047187617969E-4
CASSEGGNTIYF	TCRBV05-06	1.8875047187617969E-4
CASSISRTSGASYEQYF	TCRBV19-01	1.8875047187617969E-4
CASSISGGSSYNEQFF	TCRBV19-01	1.8875047187617969E-4
CASSLWGIQFGYTF	TCRBV05-06	1.8875047187617969E-4
CASSTGQGVDTQYF	TCRBV05-06	1.8875047187617969E-4
CASSLYTGGNEKLFF	TCRBV05-06	1.8875047187617969E-4
CASSSGADTQYF	TCRBV05-06	1.8875047187617969E-4
CASSMARGQGRFIKEAFF	TCRBV19-01	1.8875047187617969E-4
CASIGGQVINQPQHF	TCRBV19-01	1.8875047187617969E-4
CASSPTQGAKQRETQYF	TCRBV19-01	1.8875047187617969E-4
CASSLGPWSSGGQADVVIGELFF	TCRBV13-01	1.8875047187617969E-4
CASSLDSYGYTF	TCRBV05-06	1.8875047187617969E-4
CASSLAGNSGNTIYF	TCRBV05-06	1.8875047187617969E-4
CASSLKAGSNAHQPQHF	TCRBV18-01	1.8875047187617969E-4
CASSKTSVSDYGYTF	TCRBV04-03	1.8875047187617969E-4
CASSTSQANTEAFF	TCRBV16-01	1.8875047187617969E-4
CASSQEEAGAAYNEQFF	TCRBV04-03	1.8875047187617969E-4
CASSLRQGVSNQPQHF	TCRBV04-03	1.8875047187617969E-4
CASSQDGGLKSYEQYF	TCRBV04-03	1.8875047187617969E-4
CASSPRGAPSHEQFF	TCRBV05-06	1.8875047187617969E-4
CASSYGTGGNQPQHF	TCRBV11-03	1.8875047187617969E-4
CASSSGVAGAHEQYF	TCRBV13-01	1.8875047187617969E-4
CASSLSLNTEAFF	TCRBV11-03	1.8875047187617969E-4
CASSPRQGSYEQYF	TCRBV11-03	1.8875047187617969E-4
CASSGSSGDNNEQFF	TCRBV11-03	1.8875047187617969E-4
CASHGGQGNEQFF	TCRBV11-03	1.8875047187617969E-4
CASSLRTGSDEQYF	TCRBV11-03	1.8875047187617969E-4
CASSLTGTNYGYTF	TCRBV13-01	1.8875047187617969E-4
CASSLAGENEQYF	TCRBV05-06	1.8875047187617969E-4
CASSQEKGGGYEQYF	TCRBV04-03	1.8875047187617969E-4
CASSAPQGGRNIQYF	TCRBV21-01	1.8875047187617969E-4
CASSQEGWEEQFF	TCRBV04-03	1.8875047187617969E-4
CASSEGQGETDTQYF	TCRBV06-04	1.8875047187617969E-4
CASSDGTGGDGYTF	TCRBV06-04	1.8875047187617969E-4
CASSQTAGGPDTQYF	TCRBV07-02	1.8875047187617969E-4
CASGMSPPSREQYF	TCRBV07-02	1.8875047187617969E-4
CASSLLGEEQFF	TCRBV27-01	1.8875047187617969E-4
CASSSYGTGFPYGYTF	TCRBV27-01	1.8875047187617969E-4
CASSPPGLAGETQYF	TCRBV27-01	1.8875047187617969E-4
CASRNIRTGINTGELFF	TCRBV07-02	1.8875047187617969E-4
CASSQDRGFYEQYF	TCRBV07-02	1.8875047187617969E-4
CASSSLGQGDGYTF	TCRBV27-01	1.8875047187617969E-4
CASSLEGAGGENQPQHF	TCRBV07-02	1.8875047187617969E-4
CASKGAGSGNTIYF	TCRBV27-01	1.8875047187617969E-4
CASSLEGTGDQPQHF	TCRBV07-02	1.8875047187617969E-4
CASSKGESRRRVRGEKLFF	TCRBV21-01	1.8875047187617969E-4
CGSPPHPEETQYF	TCRBV21-01	1.8875047187617969E-4
CASSLEAGGYRANYGYTF	TCRBV07-02	1.8875047187617969E-4
CASSDSGAGANVLTF	TCRBV06-04	1.8875047187617969E-4
CASVGGSYNEQFF	TCRBV06-01	1.8875047187617969E-4
CASRDRVVYGYTF	TCRBV06-06	1.8875047187617969E-4
CASRTSNTEAFF	TCRBV06-06	1.8875047187617969E-4
CASSFMGGYNQPQHF	TCRBV05-06	1.8875047187617969E-4
CASSYSPGAYGYTF	TCRBV06-06	1.8875047187617969E-4
CASRTGEVADTQYF	TCRBV06-06	1.8875047187617969E-4
CASSLEYREPGELFF	TCRBV05-06	1.8875047187617969E-4
CASSPNRGTAFGEAFF	TCRBV05-06	1.8875047187617969E-4
CASSSYRGRQETQYF	TCRBV06-06	1.8875047187617969E-4
CASSDVEGTSGGVDTQYF	TCRBV06-04	1.8875047187617969E-4
CASSSLTGELFF	TCRBV11-03	1.8875047187617969E-4
CASSLRTGSDEQYF	TCRBV11-03	1.8875047187617969E-4
CASSPKRGGRGDNEQFF	TCRBV11-03	1.8875047187617969E-4
CASSEVKGTGRETQYF	TCRBV06-01	1.8875047187617969E-4
CSAEMGEKLFF	TCRBV20-01	1.8875047187617969E-4
CASSDGTSGDNEQFF	TCRBV06-04	1.8875047187617969E-4
CASSPAGWTGGNQPQHF	TCRBV27-01	1.8875047187617969E-4
CASSFTGAGTGELFF	TCRBV27-01	1.8875047187617969E-4
CASSPGYNYEQYF	TCRBV19-01	1.8875047187617969E-4
CASSLVLGYEQYF	TCRBV11-02	1.8875047187617969E-4
CASSFRQGPPEAFF	TCRBV11-02	1.8875047187617969E-4
CASTRPGGYEGTEAFF	TCRBV07-09	1.8875047187617969E-4
CASSTRSGLGDTQYF	TCRBV07-09	1.8875047187617969E-4
CASSVRGNNSPLHF	TCRBV11-02	1.8875047187617969E-4
CASSLQESYEQYF	TCRBV11-02	1.8875047187617969E-4
CASSRTSGGHEQYF	TCRBV11-02	1.8875047187617969E-4
CASSLSLNTEAFF	TCRBV11-02	1.8875047187617969E-4
CACAAGNTGELFF	TCRBV07-09	1.8875047187617969E-4
CANSFVAGTDTQYF	TCRBV28-01	1.8875047187617969E-4
CASRSWTGGVYGYTF	TCRBV28-01	1.8875047187617969E-4
CASLRGRATGELFF	TCRBV28-01	1.8875047187617969E-4
CASSPGFRETQYF	TCRBV28-01	1.8875047187617969E-4
CASSLVGLAYEQFF	TCRBV28-01	1.8875047187617969E-4
CASSFVAGTDTQYF	TCRBV28-01	1.8875047187617969E-4
CASSFGAKAYEQYF	TCRBV11-02	1.8875047187617969E-4
CASSLASGARTDTQYF	TCRBV07-09	1.8875047187617969E-4
CASNGQGNTEAFF	TCRBV28-01	1.8875047187617969E-4
CASSLALTGGDGYTF	TCRBV11-02	1.8875047187617969E-4
CASSPSGGTRRYGYTF	TCRBV19-01	1.8875047187617969E-4
CASSGGGARTGELFF	TCRBV28-01	1.8875047187617969E-4
CASSLGRAGNTGELFF	TCRBV28-01	1.8875047187617969E-4
CASSLDLGGRQYF	TCRBV11-02	1.8875047187617969E-4
CATSRDSPQETQYF	TCRBV15-01	1.8875047187617969E-4
CASTSTGGHYGYTF	TCRBV11-02	1.8875047187617969E-4
CATSRVGLSNSPLHF	TCRBV15-01	1.8875047187617969E-4
CASSLVQGRNQPQHF	TCRBV11-02	1.8875047187617969E-4
CATSRGQGRNTEAFF	TCRBV15-01	1.8875047187617969E-4
CATSGGQGQTDTQYF	TCRBV15-01	1.8875047187617969E-4
CATSRDRLGNEQFF	TCRBV15-01	1.8875047187617969E-4
CATSRNRDGNEQFF	TCRBV15-01	1.8875047187617969E-4
CATSRDRASGANVLTF	TCRBV15-01	1.8875047187617969E-4
CATSRDRSNQPQHF	TCRBV15-01	1.8875047187617969E-4
CASSFPPHSSYNSPLHF	TCRBV28-01	1.8875047187617969E-4
CASSSYTGIAPHNEQFF	TCRBV28-01	1.8875047187617969E-4
CATRTVITDTQYF	TCRBV19-01	1.8875047187617969E-4
CASSTAGATGISGANVLTF	TCRBV28-01	1.8875047187617969E-4
CASSPDGTGIFWSYNEQFF	TCRBV07-09	1.8875047187617969E-4
CASSLAAAAQETQYF	TCRBV07-07	1.8875047187617969E-4
CASSPSTTNEKLFF	TCRBV07-07	1.8875047187617969E-4
CASSLGSIGSIYGYTF	TCRBV07-09	1.8875047187617969E-4
CASSLHVQGLDEQFF	TCRBV07-07	1.8875047187617969E-4
CASSPPGNYGYTF	TCRBV07-09	1.8875047187617969E-4
CASSFLQGTDTQYF	TCRBV28-01	1.8875047187617969E-4
CASSTRTGSRTDTQYF	TCRBV07-09	1.8875047187617969E-4
CASSLYLSGNTIYF	TCRBV28-01	1.8875047187617969E-4
CASIGRTSGEYGANVLTF	TCRBV28-01	1.8875047187617969E-4
CASSLTRVNTEAFF	TCRBV28-01	1.8875047187617969E-4
CASIDGEPYNEQFF	TCRBV28-01	1.8875047187617969E-4
CATGFMNTEAFF	TCRBV28-01	1.8875047187617969E-4
CASSSTGGASYGYTF	TCRBV28-01	1.8875047187617969E-4
CASSGQRDYEQYF	TCRBV07-09	1.8875047187617969E-4
CASSLGAGANQPQHF	TCRBV07-09	1.8875047187617969E-4
CASRRQTGNTIYF	TCRBV28-01	1.8875047187617969E-4
CASHGGQGNEQFF	TCRBV07-05	1.8875047187617969E-4
CASTTIAGGRNEQFF	TCRBV28-01	1.8875047187617969E-4
CASSGRGRKAEAFF	TCRBV28-01	1.8875047187617969E-4
CASGPGGEFF	TCRBV28-01	1.8875047187617969E-4
CASSLPGTDTQYF	TCRBV28-01	1.8875047187617969E-4
CARSSGTGGFLYQETQYF	TCRBV07-05	1.8875047187617969E-4
CASSLERQGGRETQYF	TCRBV11-02	1.8875047187617969E-4
CASSPWTGNTGELFF	TCRBV07-09	1.8875047187617969E-4
CASSLTSDPKTQYF	TCRBV07-09	1.8875047187617969E-4
CASRLRGDTQYF	TCRBV11-02	1.8875047187617969E-4
CASHGGQGNEQFF	TCRBV07-09	1.8875047187617969E-4
CASSLGQRGGRETQYF	TCRBV11-02	1.8875047187617969E-4
CASSLKNDQGRTNYGYTF	TCRBV07-09	1.8875047187617969E-4
CASSFQTSYNEQFF	TCRBV07-09	1.8875047187617969E-4
CASSFRDRDRGDYEQYF	TCRBV07-09	1.8875047187617969E-4
CASRTGGNEQFF	TCRBV11-02	1.8875047187617969E-4
CASISQGSTEAFF	TCRBV19-01	1.8875047187617969E-4
CAPPRIKCGELFF	TCRBV19-01	1.8875047187617969E-4
CASSPTGAGSNQPQHF	TCRBV19-01	1.8875047187617969E-4
CSVVWRGGPTEAFF	TCRBV29-01	1.8875047187617969E-4
CSVQKTGELFF	TCRBV29-01	1.8875047187617969E-4
CASSPPRTGGGYGYTF	TCRBV23-01	1.8875047187617969E-4
CASRKSDRAMYSTDTQYF	TCRBV23-01	1.8875047187617969E-4
CSVFGAWGQPYEQYF	TCRBV29-01	1.8875047187617969E-4
CASSDRWVGNTIYF	TCRBV19-01	1.8875047187617969E-4
CASSPDRNSKNIQYF	TCRBV19-01	1.8875047187617969E-4
CASSSAVYNEQFF	TCRBV07-06	1.8875047187617969E-4
CSVEEDINLPGYTF	TCRBV29-01	1.8875047187617969E-4
CASRPSRGSNEQFF	TCRBV19-01	1.8875047187617969E-4
CASSIVGLDTEAFF	TCRBV19-01	1.8875047187617969E-4
CASTSGQGTDTQYF	TCRBV19-01	1.8875047187617969E-4
CSVEALLLNGYTF	TCRBV29-01	1.8875047187617969E-4
CSVEGDRANTDTQYF	TCRBV29-01	1.8875047187617969E-4
CASSLGADRPHYEQYF	TCRBV07-06	1.8875047187617969E-4
CASTPDRGYGEQFF	TCRBV07-06	1.8875047187617969E-4
CASSLGARSNYGYTF	TCRBV11-02	1.8875047187617969E-4
CASSQDGGGSYNEQFF	TCRBV04-02	1.8875047187617969E-4
CASSLWDRVGNTIYF	TCRBV07-09	1.8875047187617969E-4
CASHGGQGNEQFF	TCRBV07-09	1.8875047187617969E-4
CASSVSGGAAGELFF	TCRBV07-09	1.8875047187617969E-4
CASSLGGTYNEQFF	TCRBV07-09	1.8875047187617969E-4
CASSLSGTSYEQYF	TCRBV28-01	1.8875047187617969E-4
CASSQEQGRGQPQHF	TCRBV04-02	1.8875047187617969E-4
CASSLEDTEAFF	TCRBV07-09	1.8875047187617969E-4
CASSLATGDHGYTF	TCRBV07-06	1.8875047187617969E-4
CASSPLDSDNEQFF	TCRBV04-02	1.8875047187617969E-4
CASSPRDNNYNEQFF	TCRBV07-06	1.8875047187617969E-4
CASRLSAGSYNSPLHF	TCRBV12-02	1.8875047187617969E-4
CASSLKVEDRGFF	TCRBV07-06	1.8875047187617969E-4
CASSPGGQIYGYTF	TCRBV07-06	1.8875047187617969E-4
CASSYRDGPYEQYF	TCRBV07-06	1.8875047187617969E-4
CVSGGNTEAFF	TCRBV19-01	1.8875047187617969E-4
CSGSLAGGTKNIQYF	TCRBV29-01	1.8875047187617969E-4
CASIITGTRGYTF	TCRBV19-01	1.8875047187617969E-4
CASSPLAGGLETQYF	TCRBV07-09	1.8875047187617969E-4
CASSLGAGANQPQHF	TCRBV07-09	1.8875047187617969E-4
CASSLVGGVGTDTQYF	TCRBV07-09	1.8875047187617969E-4
CASRQTQETQYF	TCRBV07-09	1.8875047187617969E-4
CSVGGTGGPYGYTF	TCRBV29-01	1.8875047187617969E-4
CASRRPGTGPNTEAFF	TCRBV07-09	1.8875047187617969E-4
CASSLAGTGEASQPQHF	TCRBV07-09	1.8875047187617969E-4
CPGGAGTGGLKTDTQYF	TCRBV29-01	1.8875047187617969E-4
CASSIVGFYNEQFF	TCRBV19-01	1.8875047187617969E-4
CASSAARQGGYGYTF	TCRBV07-09	1.8875047187617969E-4
CSVQTGNLAEQYF	TCRBV29-01	1.8875047187617969E-4
CSVEGLVGGELFF	TCRBV29-01	1.8875047187617969E-4
CASSSYRTVFNQPQHF	TCRBV19-01	1.8875047187617969E-4
CASSLGTGAVVLTF	TCRBV11-02	1.8875047187617969E-4
CASSMGINTEAFF	TCRBV19-01	1.8875047187617969E-4
CASSRGTVDRKYQETQYF	TCRBV07-09	1.8875047187617969E-4
CSVEDKAGEEQFF	TCRBV29-01	1.8875047187617969E-4
CSVEEENRATGELFF	TCRBV29-01	1.8875047187617969E-4
CATNSTDGRTTIQYNEQFF	TCRBV15-01	1.8875047187617969E-4
CSVLTGTEAFF	TCRBV29-01	1.8875047187617969E-4
CSVPYDEGIYGYTF	TCRBV29-01	1.8875047187617969E-4
CATSREGRPLTDTQYF	TCRBV15-01	1.8875047187617969E-4
CATSRVRAGASYEQYF	TCRBV15-01	1.8875047187617969E-4
CASSSPPDSRLNEQFF	TCRBV11-01	1.8875047187617969E-4
CSVGTGGTNEKLFF	TCRBV29-01	1.8875047187617969E-4
CASHGGQGNEQFF	TCRBV11-01	1.8875047187617969E-4
CASSRQATGGTEAFF	TCRBV11-01	1.8875047187617969E-4
CASSPLAGGLETQYF	TCRBV11-01	1.8875047187617969E-4
CSVAGTDWRNYGYTF	TCRBV29-01	1.8875047187617969E-4
CASSSYGNTIYF	TCRBV11-01	1.8875047187617969E-4
CASRTRGVHQPQHF	TCRBV19-01	1.8875047187617969E-4
CASSMGRTEQYF	TCRBV19-01	1.8875047187617969E-4
CATSRETSGEQFF	TCRBV15-01	1.8875047187617969E-4
CASSLERRYMNTEAFF	TCRBV05-01	1.8875047187617969E-4
CASSQVEGGKQYF	TCRBV04-03	1.8875047187617969E-4
CAISLGQGATGNTIYF	TCRBV10-03	1.8875047187617969E-4
CASRAGGWEETRYF		1.8875047187617969E-4
CSARDAGRDYEQYF		1.8875047187617969E-4
CATLRRRAKNIQYF		1.8875047187617969E-4
CASSYSPRGKDYSYNEQFF		1.8875047187617969E-4
CASSQDSDYEQYF		1.8875047187617969E-4
CSARVYPGQGLSSYNEQFF		1.8875047187617969E-4
CASSLGKVAEAFF		1.8875047187617969E-4
CASSLQPADTQYF		1.8875047187617969E-4
CSAAGTSGGAQYF		1.8875047187617969E-4
CASSYSPGNYGYTF		1.8875047187617969E-4
CARGTGTTENNSPLHF		1.8875047187617969E-4
CASSYSPRGLTEAFF		1.8875047187617969E-4
CASSHLTVSGELFF		1.8875047187617969E-4
CAIQPGHRRKTDTQYF	TCRBV10-03	1.8875047187617969E-4
CAISLRVGDRYTEAFF	TCRBV10-03	1.8875047187617969E-4
CAIRGTGVDSYEQYF	TCRBV10-03	1.8875047187617969E-4
CAISGPAGEQYF	TCRBV10-03	1.8875047187617969E-4
CAISESGGYSEAFF	TCRBV10-03	1.8875047187617969E-4
CAISDPDGANVLTF	TCRBV10-03	1.8875047187617969E-4
CATLQAGENIQYF	TCRBV10-03	1.8875047187617969E-4
CAITLSTGELFF	TCRBV10-03	1.8875047187617969E-4
CASSPSGQGSDEQYF	TCRBV04-01	1.8875047187617969E-4
CASSQEGGNQPQHF	TCRBV04-01	1.8875047187617969E-4
CSARERGMPYNEQFF		1.8875047187617969E-4
CASEQGRANTEAFF		1.8875047187617969E-4
CSARESALHTTDTQYF		1.8875047187617969E-4
CASSPPSGGAIETQYF		1.8875047187617969E-4
CSARGLGTGNTIYF		1.8875047187617969E-4
CASSFPGQGVTGELFF		1.8875047187617969E-4
CSARDLAGEVASGTDTQYF		1.8875047187617969E-4
CSARGQVGNTIYF		1.8875047187617969E-4
CASSPDRGSEAFF		1.8875047187617969E-4
CASSFPGRDTQYF		1.8875047187617969E-4
CASSQRPTSKDRAKNIQYF		1.8875047187617969E-4
CASSGTGTGWLADEKLFF		1.8875047187617969E-4
CASTYHPLAGGPLFQETQYF		1.8875047187617969E-4
CSARDMTGGPLSYNEQFF		1.8875047187617969E-4
CSANPTPGLAGPQETQYF		1.8875047187617969E-4
CSATPGRGYYEQYF		1.8875047187617969E-4
CSARDPGSQSNEQYF		1.8875047187617969E-4
CSASYRDGPSYGYTF		1.8875047187617969E-4
CASSPHESGGYNEQFF	TCRBV04-01	1.8875047187617969E-4
CAISDGMDDYEQYF	TCRBV10-03	1.8875047187617969E-4
CASRLGDEQYF	TCRBV04-01	1.8875047187617969E-4
CASSQGRDPNTGELFF	TCRBV04-03	1.8875047187617969E-4
CASSLDGQGNSPLHF	TCRBV14-01	1.8875047187617969E-4
CASGFASTNEKLFF	TCRBV12-05	1.8875047187617969E-4
CASGWTGVGTDTQYF	TCRBV12-05	1.8875047187617969E-4
CASSYGLPGPDTQYF	TCRBV02-01	1.8875047187617969E-4
CASTRSDSYEQYF	TCRBV02-01	1.8875047187617969E-4
CASSEGAGLQETQYF	TCRBV02-01	1.8875047187617969E-4
CASNQGLTNEKLFF	TCRBV04-01	1.8875047187617969E-4
CASSQVSTAQYEQYF	TCRBV04-01	1.8875047187617969E-4
CASSQDPSGGGDEQFF	TCRBV04-01	1.8875047187617969E-4
CASSQLMGGTEAFF	TCRBV04-01	1.8875047187617969E-4
CASSDSLDRVYEQYF	TCRBV10-02	1.8875047187617969E-4
CASWGSGANVLTF	TCRBV10-02	1.8875047187617969E-4
CASSLRLGSTDTQYF	TCRBV07-03	1.8875047187617969E-4
CASSLSRGPYNEQFF	TCRBV07-03	1.8875047187617969E-4
CASAWDYSEQFF	TCRBV07-03	1.8875047187617969E-4
CASSFGNTEAFF	TCRBV07-03	1.8875047187617969E-4
CASSRGGQGRRGYTF	TCRBV07-03	1.8875047187617969E-4
CASSHPGANQPQHF	TCRBV10-02	1.8875047187617969E-4
CASREEYAGELFF	TCRBV10-02	1.8875047187617969E-4
CASSDPRRGSIAFF	TCRBV10-02	1.8875047187617969E-4
CASSFPREQLANSPLHF	TCRBV07-03	1.8875047187617969E-4
CASRPGGPLSGEKLFF	TCRBV14-01	1.8875047187617969E-4
CASSPTDTGGQNDEQYF	TCRBV04-01	1.8875047187617969E-4
CASSQGAGRIYNEQFF	TCRBV14-01	1.8875047187617969E-4
CASSQGGTVGYNQPQHF	TCRBV04-01	1.8875047187617969E-4
CASRPEGGAEGYTF	TCRBV04-01	1.8875047187617969E-4
CASTGTGLHEQYF		1.8875047187617969E-4
CASSGPLAGGSNEQFF		1.8875047187617969E-4
CASRRLAGRSYEQYF		1.8875047187617969E-4
CASRSGGADTQYF		1.8875047187617969E-4
CAISEYLNRDKEYGYTF	TCRBV10-03	1.8875047187617969E-4
CAISEFGSGGAHEQFF	TCRBV10-03	1.8875047187617969E-4
CASAFGGTGSRSQHF	TCRBV12-05	1.8875047187617969E-4
CASGWGAASGAQETQYF	TCRBV12-05	1.8875047187617969E-4
CASSYRQGAMNTEAFF	TCRBV04-01	1.8875047187617969E-4
CASSQGDRGGQPQHF	TCRBV04-01	1.8875047187617969E-4
CASSQAWAVPGELFF	TCRBV04-01	1.8875047187617969E-4
CASSQDSGGLSYEQYF	TCRBV04-01	1.8875047187617969E-4
CASSYWDGGAYEQYF	TCRBV04-01	1.8875047187617969E-4
CASSQVSTAQYEQYF	TCRBV04-01	1.8875047187617969E-4
CASSQGNQPQHF	TCRBV04-01	1.8875047187617969E-4
CSARVGGGKAGYTF		1.8875047187617969E-4
CASSQDVIANIDHEQYF	TCRBV14-01	1.8875047187617969E-4
CSARDLGLAGEYEQFF		1.8875047187617969E-4
CASSSSGYNNEQFF		1.8875047187617969E-4
CASSQDTHRRPAPINEKLFF		1.8875047187617969E-4
CATSGMAGGTDTQYF		1.8875047187617969E-4
CATSERAGTGELFF		1.8875047187617969E-4
CASSVGQGYEQYF		1.8875047187617969E-4
CASSLGPNTEAFF		1.8875047187617969E-4
CSARGGGPTDTQYF		1.8875047187617969E-4
CASSRTGGGTDTQYF		1.8875047187617969E-4
CASSQTGATDTQYF		1.8875047187617969E-4
CASSLQGVGEQYF		1.8875047187617969E-4
CSARDMQGADTQYF		1.8875047187617969E-4
CSAPPSGGWNEQFF		1.8875047187617969E-4
CSARVPARETQYF		1.8875047187617969E-4
CASSYGYRGTLSGANVLTF		1.8875047187617969E-4
CSASQGASYEQYF		1.8875047187617969E-4
CASTARDTGELFF		1.8875047187617969E-4
CASSPPNRGRNTEAFF		1.8875047187617969E-4
CASSPGRGGRGYTF		1.8875047187617969E-4
CASKGDPSTDTQYF		1.8875047187617969E-4
CASSYSGEQYF		1.8875047187617969E-4
CASSWASSQETQYF		1.8875047187617969E-4
CASRSGTLNEKLFF		1.8875047187617969E-4
CASSQDGPYSNQPQHF		1.8875047187617969E-4
CASRRGAGDTEAFF		1.8875047187617969E-4
CSARVPARETQYF		1.8875047187617969E-4
CASSQLVAYSPLHF		1.8875047187617969E-4
CASSKRGQGEAFF		1.8875047187617969E-4
CASSQDPLRGNTEAFF		1.8875047187617969E-4
CSARGGGSEANYGYTF		1.8875047187617969E-4
CASSTSGAYNEQFF		1.8875047187617969E-4
CASSQVRSGTGVFTGELFF		1.8875047187617969E-4
CASSYLRDRVEQYF		1.8875047187617969E-4
CASSPGLAGGSYEQYF		1.8875047187617969E-4
CSARIGGNQPQHF		1.8875047187617969E-4
CSARGWGQLSREAFF		1.8875047187617969E-4
CSAKDLNTEAFF		1.8875047187617969E-4
CASSFSVPFYNEQFF		1.8875047187617969E-4
CASSYSEWGVVPQTIENTGELFF		1.8875047187617969E-4
CASSGQRDYEQYF		1.8875047187617969E-4
CSARDPGSAATEAFF		1.8875047187617969E-4
CASSSDRVGEQYF		1.8875047187617969E-4
CASSFLADTDTQYF		1.8875047187617969E-4
CASSQKVGGKIPYEQYF		1.8875047187617969E-4
CSARGAGGPEAFF		1.8875047187617969E-4
CASSSDYSVYEQYF		1.8875047187617969E-4
CASSLRGMVTETQYF		1.8875047187617969E-4
CASSQGQGRSNTGELFF		1.8875047187617969E-4
CASSRGLAEETQYF		1.8875047187617969E-4
CASSPRGGVLNEQFF		1.8875047187617969E-4
CASSYSEWGGGTANDREHRGAVF		1.8875047187617969E-4
CASSTPRDYLYGYTF		1.8875047187617969E-4
CASKKGRDSEDSYEQYF		1.8875047187617969E-4
CSARGDRETEAFF		1.8875047187617969E-4
CASSEGFVLDEQYF		1.8875047187617969E-4
CASTGVGLSEQYF		1.8875047187617969E-4
CASSYYGGSYNSPLHF		1.8875047187617969E-4
CSARDKPNNEQFF		1.8875047187617969E-4
CASATVSVELSYNSPLHF		1.8875047187617969E-4
CASSLGPNTEAFF		1.8875047187617969E-4
CASSRETGSLLSSYNEQFF		1.8875047187617969E-4
CSVRGGVDTEAFF		1.8875047187617969E-4
CASSQLAGAHNEQFF		1.8875047187617969E-4
CATSDLKTSGVYNEQFF		1.8875047187617969E-4
CASSYAALNTEAFF		1.8875047187617969E-4
CASSYSLTGYGYTF		1.8875047187617969E-4
CASSYSEKGELFF		1.8875047187617969E-4
CASSYAGAELAGFDTQYF		1.8875047187617969E-4
CSAFPREGGGQPQHF		1.8875047187617969E-4
CASSPSAAGQGKQYF		1.8875047187617969E-4
CSARDPGGGPYNEQFF		1.8875047187617969E-4
CASRTGTANYGYTF		1.8875047187617969E-4
CASSLAGPSYEQYF		1.8875047187617969E-4
CATSDPGPVNEQFF		1.8875047187617969E-4
CASSLLAGVKDTQYF		1.8875047187617969E-4
CASSGTGTGWLADEKLFF		1.8875047187617969E-4
CSARDRGQGAFYGYTF		1.8875047187617969E-4
CSARDGTSGFYTGELFF		1.8875047187617969E-4
CATSYLNSTKTYGYTF		1.8875047187617969E-4
CATGDSQETQYF		1.8875047187617969E-4
CASSLRTVTGELFF		1.8875047187617969E-4
CSASQGASYEQYF		1.8875047187617969E-4
CASTQRARQTETQYF		1.8875047187617969E-4
CASSQTGGNTEAFF		1.8875047187617969E-4
CSAQKREGNNEQFF		1.8875047187617969E-4
CASNNTTGQDQPQHF		1.8875047187617969E-4
CASSRRPSTDTQYF		1.8875047187617969E-4
CSARDSRTDTGELFF		1.8875047187617969E-4
CASSHQGAYEQYF		1.8875047187617969E-4
CSARPASNYGYTF		1.8875047187617969E-4
CSAPLPRLSAGDTIYF		1.8875047187617969E-4
CASSLVGGGSQETQYF	TCRBV07-08	1.8875047187617969E-4
CASSPFGQDLNQPQHF	TCRBV07-08	1.8875047187617969E-4
CASRGRINEKLFF	TCRBV07-08	1.8875047187617969E-4
CASRIAGSTDTQYF	TCRBV10-01	1.8875047187617969E-4
CASSQDTASSTDTQYF	TCRBV04-03	1.8875047187617969E-4
CASSFKPSGGGIDTQYF	TCRBV05-01	1.8875047187617969E-4
CASIWGTEAFF	TCRBV05-01	1.8875047187617969E-4
CASSFSRPYRGQDGYTF	TCRBV05-01	1.8875047187617969E-4
CASSLTHPGDNEQFF	TCRBV05-01	1.8875047187617969E-4
CASSPGLAGVVDTQYF	TCRBV05-01	1.8875047187617969E-4
CASSSALWDRDPYEPYF	TCRBV05-01	1.8875047187617969E-4
CASSLVPSGLGLETQYF	TCRBV05-01	1.8875047187617969E-4
CASSPQGAEETQYF	TCRBV05-01	1.8875047187617969E-4
CASSFGQGANTDTQYF	TCRBV05-01	1.8875047187617969E-4
CASSEAGGAIGELFF	TCRBV05-01	1.8875047187617969E-4
CASSLSGSPGYTF	TCRBV05-04	1.8875047187617969E-4
CASSFKRESGEKLFF	TCRBV05-04	1.8875047187617969E-4
CASSSGGVQYF	TCRBV05-04	1.8875047187617969E-4
CASSPRTTPYYGYTF	TCRBV05-08	1.8875047187617969E-4
CASSSPDGATNEKLFF	TCRBV05-08	1.8875047187617969E-4
CASNPLGGSMNTEAFF	TCRBV05-08	1.8875047187617969E-4
CASSQDPQGPGELFF	TCRBV04-03	1.8875047187617969E-4
CASSQDRRGANTGELFF	TCRBV04-03	1.8875047187617969E-4
CASSNLATGVYTSNQPQHF	TCRBV10-01	1.8875047187617969E-4
CASSVSGTGGRTGNTIYF	TCRBV10-01	1.8875047187617969E-4
CALGFSTEAFF	TCRBV30-01	1.8875047187617969E-4
CASSSRQGVIGELFF	TCRBV05-04	1.8875047187617969E-4
CAWSVLGRPKNTEAFF	TCRBV30-01	1.8875047187617969E-4
CASSHNLGQVNYGYTF	TCRBV09-01	1.8875047187617969E-4
CASSSEGGAGEKLFF	TCRBV09-01	1.8875047187617969E-4
CASSVATGLTGELFF	TCRBV09-01	1.8875047187617969E-4
CASIAEVNTEAFF	TCRBV09-01	1.8875047187617969E-4
CASSFATRPEQYF	TCRBV05-05	1.8875047187617969E-4
CASSLRGGTGNSPLHF	TCRBV05-05	1.8875047187617969E-4
CASNLGQTNTEAFF	TCRBV05-05	1.8875047187617969E-4
CASSPDSILRDEQFF	TCRBV05-05	1.8875047187617969E-4
CGTESITQSRANVLTF	TCRBV08-02	1.8875047187617969E-4
CAWSDPGTDLRNTIYF	TCRBV30-01	1.8875047187617969E-4
CAWIPRTSGGPPPFTDTQYF	TCRBV30-01	1.8875047187617969E-4
CARASGGGNEQFF	TCRBV30-01	1.8875047187617969E-4
CAWSVGGRAFF	TCRBV30-01	1.8875047187617969E-4
CAWSWDRGYNEQFF	TCRBV30-01	1.8875047187617969E-4
CASDRRGSTDTQYF	TCRBV05-04	1.8875047187617969E-4
CASSLSGGTDTQYF	TCRBV05-04	1.8875047187617969E-4
CASSGPGGDYGYTF	TCRBV05-04	1.8875047187617969E-4
CASSLGQALPFTDTQYF	TCRBV05-04	1.8875047187617969E-4
CASSQDSGPLAKNIQYF	TCRBV04-03	1.8875047187617969E-4
CASSQDTGAMGQPQHF	TCRBV04-03	1.8875047187617969E-4
CASSQDGPGGENQPQHF	TCRBV04-03	1.8875047187617969E-4
CASSYLRDRGNREAFF		1.8875047187617969E-4
CASSQDLQPGSGELFF	TCRBV04-03	1.8875047187617969E-4
CASSQGSGHTDTQYF	TCRBV04-03	1.8875047187617969E-4
CASSPRGGNTGELFF	TCRBV18-01	1.8875047187617969E-4
CASSQADTNYGYTF	TCRBV18-01	1.8875047187617969E-4
CASSPGVGSYEQYF	TCRBV18-01	1.8875047187617969E-4
CASSLGPRETQYF	TCRBV18-01	1.8875047187617969E-4
CASSPQKSGELFF	TCRBV18-01	1.8875047187617969E-4
CASSKGGDSPCANTGELFF	TCRBV21-01	1.8875047187617969E-4
CASSPRLDTQYF	TCRBV21-01	1.8875047187617969E-4
CASTEDRGHEKLFF	TCRBV21-01	1.8875047187617969E-4
CASSSGTSGGLTGELFF	TCRBV05-01	1.8875047187617969E-4
CASNEEGGSDYGYTF	TCRBV05-01	1.8875047187617969E-4
CASSFRGPYNEQFF	TCRBV05-01	1.8875047187617969E-4
CASSMVGSYEQYF	TCRBV19-01	1.8875047187617969E-4
CASSAWDGTGELFF	TCRBV19-01	1.8875047187617969E-4
CASSAGTGIYEQYF	TCRBV19-01	1.8875047187617969E-4
CASRTRGVHQPQHF	TCRBV19-01	1.8875047187617969E-4
CASSIDTQGLQPQHF	TCRBV19-01	1.8875047187617969E-4
CASSSHPPGSMDSYNSPLHF	TCRBV04-03	1.8875047187617969E-4
CASSQGVGGSEQFF	TCRBV04-03	1.8875047187617969E-4
CASSQAFASGSYEQYF	TCRBV04-03	1.8875047187617969E-4
CASSQGTGRYEQYF	TCRBV04-03	1.8875047187617969E-4
CASSPSGTPVEQYF	TCRBV05-01	1.8875047187617969E-4
CASSLGTGSGYSNQPQHF	TCRBV05-01	1.8875047187617969E-4
CASSQKVNPSNNEQFF	TCRBV05-01	1.8875047187617969E-4
CASSLGQGSNQPQHF	TCRBV05-01	1.8875047187617969E-4
CASSLERRYMNTEAFF	TCRBV05-01	1.8875047187617969E-4
CASSLVGTPYNEQFF	TCRBV05-01	1.8875047187617969E-4
CASSFGFNTGELFF	TCRBV05-01	1.8875047187617969E-4
CASTAQGTDNSPLHF	TCRBV05-01	1.8875047187617969E-4
CASSLEGRSEQYF	TCRBV05-01	1.8875047187617969E-4
CASSLREGATKNIQYF	TCRBV13-01	1.8875047187617969E-4
CASSQGQGSQPQHF	TCRBV04-03	1.8875047187617969E-4
CASSLGQGNTGELFF	TCRBV13-01	1.8875047187617969E-4
CASSSLTTGVF	TCRBV13-01	1.8875047187617969E-4
CASSPGQGAGYTF	TCRBV13-01	1.8875047187617969E-4
CASSLGSTSGGANEQFF	TCRBV13-01	1.8875047187617969E-4
CASRETGTGLGEQYF	TCRBV13-01	1.8875047187617969E-4
CASRQRGGLNRTQYF	TCRBV13-01	1.8875047187617969E-4
CASSQDPAPREQFF	TCRBV04-03	1.8875047187617969E-4
CASSQGVKVTEAFF	TCRBV04-03	1.8875047187617969E-4
CAWSIGHSYEQYF	TCRBV30-01	1.8875047187617969E-4
CAWSVGTSGGVTYEQYF	TCRBV30-01	1.8875047187617969E-4
CASSLAQSGGEFTDTQYF	TCRBV07-08	1.8875047187617969E-4
CASSLGSDTQYF	TCRBV07-08	1.8875047187617969E-4
CASSLDPGGVNEQFF	TCRBV07-08	1.8875047187617969E-4
CASSTFGRRQSRANVLTF	TCRBV07-08	1.8875047187617969E-4
CASSYPRGRERDEKLFF	TCRBV07-08	1.8875047187617969E-4
CASSPLRTGLGNTQYF	TCRBV02-01	1.8875047187617969E-4
CASSEGLLSDSYEQYF	TCRBV02-01	1.8875047187617969E-4
CASSERGGRETQYF	TCRBV02-01	1.8875047187617969E-4
CASREGVHEQYF	TCRBV02-01	1.8875047187617969E-4
CASSPGDRDRGANEQFF	TCRBV02-01	1.8875047187617969E-4
CASSEAGTSGRAAQYF	TCRBV02-01	1.8875047187617969E-4
CASSEAGLSNEQFF	TCRBV02-01	1.8875047187617969E-4
CASSEWRTNTGELFF	TCRBV02-01	1.8875047187617969E-4
CASSAGGGPDTQYF	TCRBV09-01	1.8875047187617969E-4
CASSVGTGVEKLFF	TCRBV09-01	1.8875047187617969E-4
CASTNSHNEQFF	TCRBV09-01	1.8875047187617969E-4
CASSALDRVIDGYTF	TCRBV09-01	1.8875047187617969E-4
CASSWTGYEQYF	TCRBV06-05	1.8875047187617969E-4
CASSSGTGREKLFF	TCRBV06-05	1.8875047187617969E-4
CASSPRDRGGETQYF	TCRBV06-05	1.8875047187617969E-4
CASRGVGYDDEQFF	TCRBV06-05	1.8875047187617969E-4
CASPPWRADTQYF	TCRBV07-08	1.8875047187617969E-4
CASSTRDGGNYGYTF	TCRBV07-08	1.8875047187617969E-4
CAWTDLGYEQYF	TCRBV30-01	1.8875047187617969E-4
CASSLDLRDRDGYTF	TCRBV07-08	1.8875047187617969E-4
CASSFLGGDLRNEQFF	TCRBV07-08	1.8875047187617969E-4
CASSEGGVRAYEQYF	TCRBV02-01	1.8875047187617969E-4
CASRDTSSYNEQFF	TCRBV02-01	1.8875047187617969E-4
CASSDRWEQYF	TCRBV02-01	1.8875047187617969E-4
CASSETGGNNEKLFF	TCRBV02-01	1.8875047187617969E-4
CASSWDKSDLRSTDTQYF	TCRBV02-01	1.8875047187617969E-4
CARDLDISGANVLTF	TCRBV02-01	1.8875047187617969E-4
CASSDGDNSNQPQHF	TCRBV02-01	1.8875047187617969E-4
CASTGTSGNTGELFF	TCRBV02-01	1.8875047187617969E-4
CASRQGSSNTGELFF	TCRBV02-01	1.8875047187617969E-4
CASGGFNQPQHF	TCRBV02-01	1.8875047187617969E-4
CASSASGAGNTIYF	TCRBV07-03	1.8875047187617969E-4
CASSLVGTGELFF	TCRBV07-03	1.8875047187617969E-4
CASHGGQGNEQFF	TCRBV07-03	1.8875047187617969E-4
CASSVGGGYNEKLFF	TCRBV09-01	1.8875047187617969E-4
CASSPRLRAARETQYF	TCRBV09-01	1.8875047187617969E-4
CASSKVQGDYGYTF	TCRBV09-01	1.8875047187617969E-4
CASSVGYGSYEQYF	TCRBV09-01	1.8875047187617969E-4
CASSLSPKGQPYGYTF	TCRBV07-08	1.8875047187617969E-4
CASSYSVTYEQYF	TCRBV06-05	1.8875047187617969E-4
CASKPTGEDQYF	TCRBV02-01	1.8875047187617969E-4
CASSLTPGGGDTQYF	TCRBV02-01	1.8875047187617969E-4
CASIQGWIANEKLFF	TCRBV02-01	1.8875047187617969E-4
CASSVAEGGLHGYTF	TCRBV09-01	1.8875047187617969E-4
CASSVGPRDRAGHEQYF	TCRBV09-01	1.8875047187617969E-4
CASSVEGSRSPLHF	TCRBV09-01	1.8875047187617969E-4
CASSATEELFF	TCRBV09-01	1.8875047187617969E-4
CASSVVPGSSDNEQFF	TCRBV09-01	1.8875047187617969E-4
CASSYSGAGSGELFF	TCRBV06-05	1.8875047187617969E-4
CASSRRGAFGYTF	TCRBV06-05	1.8875047187617969E-4
CASSYSQGGYYGYTF	TCRBV06-05	1.8875047187617969E-4
CASSKGPWAEAFF	TCRBV06-05	1.8875047187617969E-4
CATGDSPPPNEQFF	TCRBV06-05	1.8875047187617969E-4
CASSYSDREEKLFF	TCRBV06-05	1.8875047187617969E-4
CASSAQGAQRAEAFF	TCRBV09-01	1.8875047187617969E-4
CASSGWDSNQPQHF	TCRBV09-01	1.8875047187617969E-4
CASSVASGGLLGTDTQYF	TCRBV09-01	1.8875047187617969E-4
CASSAFEFADTQYF	TCRBV09-01	1.8875047187617969E-4
CASSVGGGTGELFF	TCRBV09-01	1.8875047187617969E-4
CAAAPVGGRSGNTEAFF	TCRBV09-01	1.8875047187617969E-4
CASSVEGYTGELFF	TCRBV09-01	1.8875047187617969E-4
CAWSAPDRGGWEQYF	TCRBV30-01	1.8875047187617969E-4
CASSVEGNLNTEAFF	TCRBV09-01	1.8875047187617969E-4
CASTAEVNTEAFF	TCRBV09-01	1.8875047187617969E-4
CASSWNTRGEQYF	TCRBV06-05	1.8875047187617969E-4
CASSPGRDRRVQFF	TCRBV09-01	1.8875047187617969E-4
CASSDTARGFGYNEQFF	TCRBV02-01	1.8875047187617969E-4
CASSEGLLSDSYEQYF	TCRBV02-01	1.8875047187617969E-4
CASSEAPRNYTF	TCRBV02-01	1.8875047187617969E-4
CASSERGDEQFF	TCRBV02-01	1.8875047187617969E-4
CASSAQQGSYEQYF	TCRBV09-01	1.8875047187617969E-4
CASSLSLNTEAFF	TCRBV09-01	1.8875047187617969E-4
CASSVAGGVEETQYF	TCRBV09-01	1.8875047187617969E-4
CASSVGRGGSDTQYF	TCRBV09-01	1.8875047187617969E-4
CASSAGGTSYEQYF	TCRBV09-01	1.8875047187617969E-4
CASYGTSGRAQYF	TCRBV06-05	1.8875047187617969E-4
CASSVAAGSSYEQYF	TCRBV09-01	1.8875047187617969E-4
CASSTRQGNYGYTF	TCRBV09-01	1.8875047187617969E-4
CAWTWEARTGELFF	TCRBV30-01	1.8875047187617969E-4
CAWNYYNREQFF	TCRBV30-01	1.8875047187617969E-4
CASSPIGHSNQPQHF	TCRBV06-05	1.8875047187617969E-4
CASSYLHSNQPQHF	TCRBV06-05	1.8875047187617969E-4
CASSYSGTGTEAFF	TCRBV06-05	1.8875047187617969E-4
CASSYSRGGTEAFF	TCRBV06-05	1.8875047187617969E-4
CASSQDRANTEAFF	TCRBV16-01	1.8875047187617969E-4
